# noDesc; noProdImage
https://www.peapod.com/itemDetailView.jhtml?productId=209070
http://www.peapod.com/itemDetailView.jhtml?productId=204279
# outofstock
http://www.peapod.com/itemDetailView.jhtml?productId=7577
http://www.peapod.com/itemDetailView.jhtml?productId=164365
# normal product pages
https://www.peapod.com/itemDetailView.jhtml?productId=191177
https://www.peapod.com/itemDetailView.jhtml?productId=185707
https://www.peapod.com/itemDetailView.jhtml?productId=46027
https://www.peapod.com/itemDetailView.jhtml?productId=191739
https://www.peapod.com/itemDetailView.jhtml?productId=203924
https://www.peapod.com/itemDetailView.jhtml?productId=116935
https://www.peapod.com/itemDetailView.jhtml?productId=170470
https://www.peapod.com/itemDetailView.jhtml?productId=138490
# unavailable product in your market
http://www.peapod.com/itemDetailView.jhtml?productId=133462
http://www.peapod.com/itemDetailView.jhtml?productId=178023
http://www.peapod.com/itemDetailView.jhtml?productId=153742
http://www.peapod.com/itemDetailView.jhtml?productId=37520
http://www.peapod.com/itemDetailView.jhtml?productId=162998
http://www.peapod.com/itemDetailView.jhtml?productId=118814
http://www.peapod.com/itemDetailView.jhtml?productId=157699
http://www.peapod.com/itemDetailView.jhtml?productId=149773
http://www.peapod.com/itemDetailView.jhtml?productId=89892
http://www.peapod.com/itemDetailView.jhtml?productId=140588
http://www.peapod.com/itemDetailView.jhtml?productId=79409
http://www.peapod.com/itemDetailView.jhtml?productId=138033
# missed description
http://www.peapod.com/itemDetailView.jhtml?productId=35728
http://www.peapod.com/itemDetailView.jhtml?productId=142106
http://www.peapod.com/itemDetailView.jhtml?productId=151535
http://www.peapod.com/itemDetailView.jhtml?productId=209421
http://www.peapod.com/itemDetailView.jhtml?productId=3248
http://www.peapod.com/itemDetailView.jhtml?productId=208585
http://www.peapod.com/itemDetailView.jhtml?productId=174247&NUM=1424469576777
