Redirected_to,Redirected_from
http://www.ocado.com/webshop/product/LOreal-Elnett-Hairspray-Extra-Strength--UV-Filter/18811011,http://www.ocado.com/webshop/product/LOreal-Elnett-Extra-Strength-SprayColoured-Hair/18811011
http://www.ocado.com/webshop/product/LOreal-Elnett-Hairspray-Lumiere-Supreme-Hold/77890011,http://www.ocado.com/webshop/product/LOreal-Paris-Elnett-Lumiere-Supreme-Hold/77890011
http://www.ocado.com/webshop/product/LOreal-Studio-Line-Silk--Gloss-Curl-Mousse/74070011,http://www.ocado.com/webshop/product/LOreal-Studio-Silk--Gloss-Curl-Mousse/74070011
http://www.ocado.com/webshop/product/LOreal-Studio-Line-Dishevelling-Dry-Putty/226329011,http://www.ocado.com/webshop/product/Studio-Line-Dishevelling-Dry-Putty/226329011
http://www.ocado.com/webshop/product/LOreal-Studio-Line-Volume-Supersize-Spray/226331011,http://www.ocado.com/webshop/product/Studio-Line-Volume-Supersize-Spray/226331011
http://www.ocado.com/webshop/product/LOreal-Elnett-Hairspray-Unfragranced-Extra-Strength/36703011,http://www.ocado.com/webshop/product/LOreal-Paris-Elnett-Satin-Hairspray-Unfragranced-Extra-Strength/36703011
http://www.ocado.com/webshop/product/LOreal-Studio-Line-Indestructible-Gel-Glue/74088011,http://www.ocado.com/webshop/product/LOreal-Studio-Indestructible-Gel-Glue/74088011
http://www.ocado.com/webshop/product/LOreal-Studio-Line-Wave-Creating-Spray/226332011,http://www.ocado.com/webshop/product/Studio-Line-Wave-Creating-Spray/226332011
http://www.ocado.com/webshop/product/LOreal-Elvive-Leavein-Cond-Spray-Triple-Resist/74021011,http://www.ocado.com/webshop/product/LOreal-Elvive-Leavein-Spray-Triple-Resist-for-Fragile-Hair/74021011
http://www.ocado.com/webshop/product/LOreal-Elvive-Extraordinary-Oil-All-Hairtypes/77878011,http://www.ocado.com/webshop/product/LOreal-Paris-Elvive-Extraordinary-Oil-All-Hairtypes/77878011
http://www.ocado.com/webshop/product/LOreal-Studio-Line-Mineral-Control-Invisi-Gel-Normal/74548011,http://www.ocado.com/webshop/product/LOreal-Studio-Mineral-Control-Invisi-Gel-Normal/74548011
http://www.ocado.com/webshop/product/LOreal-Elnett-Hairspray-Flexible-Extra/226382011,http://www.ocado.com/webshop/product/LOreal-Elnett-hairspray-Flexible-Extra/226382011
http://www.ocado.com/webshop/product/LOreal-Studio-Line-Silk--Gloss-Volume-Mousse/74071011,http://www.ocado.com/webshop/product/LOreal-Studio-Silk--Gloss-Volume-Mousse/74071011
http://www.ocado.com/webshop/product/LOreal-Elvive-Extraordinary-Oil-Mist-for-Fine-Hair/99581011,http://www.ocado.com/webshop/product/LOreal-Extraordinary-Oil-Mist-for-Fine-Hair/99581011
http://www.ocado.com/webshop/product/LOreal-Elvive-Extraordinary-Oil-UV-Filter/77870011,http://www.ocado.com/webshop/product/LOreal-Paris-Elvive-Extraordinary-Oil-UV-Filter/77870011
http://www.ocado.com/webshop/product/LOreal-Studio-Line-Matt-Messy-Sponge-Pot/77873011,http://www.ocado.com/webshop/product/LOreal-Paris-Studio-Line-Matt-Messy-Sponge-Pot/77873011
http://www.ocado.com/webshop/product/LOreal-Studio-Line-Silk--Gloss-Hot-Straight-Spray/74064011,http://www.ocado.com/webshop/product/LOreal-Studio-Silk--Gloss-Hot-Straight-Spray/74064011
http://www.ocado.com/webshop/product/LOreal-Elvive-Multi-Vitamin-Conditioner-Normal-Hair/26967011,http://www.ocado.com/webshop/product/LOreal-Elvive-Multi-Vitamin-Conditioner-for-Normal-Hair/26967011
http://www.ocado.com/webshop/product/LOreal-Elnett-Hairspray-So-Sleek/99384011,http://www.ocado.com/webshop/product/LOreal-Elnett-So-Sleek-Hairspray/99384011
http://www.ocado.com/webshop/product/LOreal-Elnett-Hairspray-Lumiere-Supreme-Hold/77875011,http://www.ocado.com/webshop/product/LOreal-Paris-Elnett-Lumiere-Supreme-Hold/77875011
http://www.ocado.com/webshop/product/TRESemme-Moisture-Rich-Shampoo/42744011,http://www.ocado.com/webshop/product/Tresemme-Moisture-Rich-Shampoo/42744011
http://www.ocado.com/webshop/product/LOreal-Studio-Line-Special-FX-Architect-Wax/27747011,http://www.ocado.com/webshop/product/LOreal-Studio-Special-FX-Architect-Wax/27747011
http://www.ocado.com/webshop/product/LOreal-Studio-Line-Grooming-Soft-Clay/226330011,http://www.ocado.com/webshop/product/Studio-Line-Grooming-Soft-Clay/226330011
http://www.ocado.com/webshop/product/LOreal-Elvive-Shampoo-Nutri-Gloss-Light/37889011,http://www.ocado.com/webshop/product/Loreal-Elvive-Shampoo-Nutri-Gloss-Light/37889011
http://www.ocado.com/webshop/product/LOreal-Elnett-Hairspray-Diamond-Hold/48700011,http://www.ocado.com/webshop/product/LOreal-Elnett-Diamond-Hold--Shine-Hair-Spray/48700011
http://www.ocado.com/webshop/product/LOreal-Studio-Line-Mineral-Control-Invisi-Gel-Extra-Strength/74078011,http://www.ocado.com/webshop/product/LOreal-Studio-Mineral-Control-Invisi-Gel-Extra-Strength/74078011
http://www.ocado.com/webshop/product/LOreal-Studio-Line-Indestructible-Gel/33822011,http://www.ocado.com/webshop/product/LOreal-Studio-Indestructible-Gel/33822011
http://www.ocado.com/webshop/product/LOreal-Elvive-Triple-Resist-60-Second-Saviour/77888011,http://www.ocado.com/webshop/product/LOreal-Paris-Elvive-Instant-Miracle-Triple-Resist-60-Second-Saviour/77888011
http://www.ocado.com/webshop/product/LOreal-Elnett-Hairspray-So-Sleek/99385011,http://www.ocado.com/webshop/product/LOreal-Elnett-So-Sleek-Hairspray/99385011
http://www.ocado.com/webshop/product/LOreal-Studio-Line-Go-Create-Sculpting-Spritz/226384011,http://www.ocado.com/webshop/product/Studio-Line-Go-Create-Sculpting-Spritz/226384011
http://www.ocado.com/webshop/product/LOreal-Hair-Expertise-Ever-Riche-Shampoo-Nour--Taming/226303011,http://www.ocado.com/webshop/product/Hair-Expertise-Ever-Riche-Shampoo-Nour--Taming/226303011
http://www.ocado.com/webshop/product/LOreal-Elnett-Heat-Protect-Spray--Curls/78129011,http://www.ocado.com/webshop/product/LOreal-Paris-Elnett-Heat-Protect-Spray-Waves/78129011
http://www.ocado.com/webshop/product/LOreal-Studio-Line-Matt-Messy-Salt-Spray/77872011,http://www.ocado.com/webshop/product/LOreal-Paris-Studio-Line-Matt-Messy-Salt-Spray/77872011
http://www.ocado.com/webshop/product/LOreal-Studio-Line-Special-FX-Out-Of-Bed-Putty/18625011,http://www.ocado.com/webshop/product/LOreal-Studio-Special-FX-Out-Of-Bed-Putty/18625011
http://www.ocado.com/webshop/product/LOreal-Elnett-Heat-Protect-Spray--Volume/78126011,http://www.ocado.com/webshop/product/LOreal-Paris-Elnett-Heat-Protect-Spray--Volume/78126011
http://www.ocado.com/webshop/product/LOreal-Elnett-Heat-Protect-Spray--Straight/78127011,http://www.ocado.com/webshop/product/LOreal-Paris-Elnett-Heat-Protect-Spray--Straight/78127011
http://www.ocado.com/webshop/product/LOreal-Elnett-Hairspray-Elnett-So-Sleek/99597011,http://www.ocado.com/webshop/product/LOreal-Elnett-So-Sleek/99597011
http://www.ocado.com/webshop/product/LOreal-Studio-Line-Matt-Messy-Rough-Paste/77869011,http://www.ocado.com/webshop/product/LOreal-Paris-Studio-Line-Matt-Messy-Rough-Paste/77869011
http://www.ocado.com/webshop/product/LOreal-Elnett-Hairspray-Flexible-Extra-Strength/73482011,http://www.ocado.com/webshop/product/LOreal-Elnett-Flexible-Extra-Strength-Hairspray/73482011
http://www.ocado.com/webshop/product/LOreal-Elnett-Hairspray-UV-Filter/73400011,http://www.ocado.com/webshop/product/LOreal-Elnett-UV-Filter-Hairspray/73400011
http://www.ocado.com/webshop/product/LOreal-Elnett-Hairspray-Lumiere-Supreme-Hold/77866011,http://www.ocado.com/webshop/product/LOreal-Paris-Elnett-Lumiere-Supreme-Hold/77866011
http://www.ocado.com/webshop/product/LOreal-Elvive-Colour-Protect-Shampoo/26965011,http://www.ocado.com/webshop/product/LOreal-Elvive-Colour-Protect-Shampoo-with-UV-Filter/26965011
