Original_URL,Match_URL
http://www.tesco.com/direct/lee-stafford-wonderball-waver/761-6290.prd?pageLevel=&skuId=761-6290
http://www.tesco.com/direct/joey-essex-shaping-paste/325-7968.prd?pageLevel=&skuId=325-7968
http://www.tesco.com/direct/ionika-purple-chrome-straightener/210-9068.prd?pageLevel=&skuId=210-9068
http://www.tesco.com/direct/leo-bancroft-simply-tousled-beach-wave-spray/622-4223.prd?pageLevel=&skuId=622-4223
http://www.tesco.com/direct/vidal-sassoon-infra-red-hairdryer/183-3507.prd?pageLevel=&skuId=183-3507
http://www.tesco.com/direct/babyliss-5571u-turbo-shine-hair-dryer/213-5231.prd?pageLevel=&skuId=213-5231,http://www.amazon.com/Babyliss-Conairpro-Silverbird-2000W-Turbo/dp/B001MXWZFM
http://www.tesco.com/direct/thx-total-hair-experts-limited-edition-straightener-purple/724-7558.prd?pageLevel=&skuId=724-7558
http://www.tesco.com/direct/babyliss-bab2280u-pro-conical-wand-25-13mm-black/492-1668.prd?pageLevel=&skuId=492-1668,http://www.amazon.com/Babyliss-Classic-Hair-Conical-25mm-13mm/dp/B0012BINSW
http://www.tesco.com/direct/corioliss-c3-ultimate-straightener-gold-leopard/302-7472.prd?pageLevel=&skuId=302-7472
http://www.tesco.com/direct/thx-total-hair-experts-define-style-deep-barrel-waver/534-1893.prd?pageLevel=&skuId=534-1893
http://www.tesco.com/direct/babyliss-vintage-glamour-straightener-2067cu/337-3863.prd?pageLevel=&skuId=337-3863
http://www.tesco.com/direct/remington-s8590-keratin-therapy-pro-straightener/796-4605.prd?pageLevel=&skuId=796-4605,http://www.amazon.com/Remington-Keratin-Therapy-Collection-S8590/dp/B00D8Y4R5O
http://www.tesco.com/direct/mini-straightener-green/504-6772.prd?pageLevel=&skuId=504-6772
http://www.tesco.com/direct/babyliss-thermo-ceramic-rollers/210-6331.prd?pageLevel=&skuId=210-6331
http://www.tesco.com/direct/sassoon-silky-ionic-performance-hair-dryer-vsdr5818uk/207-0513.prd?pageLevel=&skuId=207-0513
http://www.tesco.com/direct/joey-essex-styling-wax/528-4287.prd?pageLevel=&skuId=528-4287
http://www.tesco.com/direct/toni-guy-profesional-straightener/376-9731.prd?pageLevel=&skuId=376-9731
http://www.tesco.com/direct/babyliss-5560gu-2100w-elegance-hair-dryer/211-2975.prd?pageLevel=&skuId=211-2975
http://www.tesco.com/direct/nicky-clarke-nss138-salon-pro-straightener-with-comb/380-8867.prd?pageLevel=&skuId=380-8867
http://www.tesco.com/direct/rem-d3010-dryer/178-1284.prd?pageLevel=&skuId=178-1284
http://www.tesco.com/direct/remington-shine-therapy-ceramic-conditioning-230c-digital-straightener-rems9950/205-5233.prd?pageLevel=&skuId=205-5233,http://www.amazon.com/Remington-S8500-Moisturizing-Conditioning-Straightener/dp/B001LF4I8I
http://www.tesco.com/direct/ionika-tattoo-mini-straightener/209-0955.prd?pageLevel=&skuId=209-0955
http://www.tesco.com/direct/philips-care-hp834207-ceramic-straightener/210-8713.prd?pageLevel=&skuId=210-8713,http://www.amazon.com/Philips-Tresemme-07-Ceramic-Straightener/dp/B001C9TUG8
http://www.tesco.com/direct/stylerush-mini-straightening-iron-green/210-8632.prd?pageLevel=&skuId=210-8632
http://www.tesco.com/direct/toni-and-guy-touch-control-digital-straightener/208-9271.prd?pageLevel=&skuId=208-9271
http://www.tesco.com/direct/sassoon-perfectly-smooth-ceramic-straightener/210-9042.prd?pageLevel=&skuId=210-9042,http://www.amazon.com/Vidal-Sassoon-Ceramic-Straightener-1/dp/B006CA1WMC
http://www.tesco.com/direct/corioliss-c3-ultimate-straightener-gold-leopard/302-7472.prd?pageLevel=&skuId=302-7472
http://www.tesco.com/direct/babyliss-bab2280u-pro-conical-wand-25-13mm-black/492-1668.prd?pageLevel=&skuId=492-1668,http://www.amazon.com/Babyliss-Classic-Hair-Conical-25mm-13mm/dp/B0012BINSW
http://www.tesco.com/direct/ionika-purple-leopard-print-mini-dryer/209-5846.prd?pageLevel=&skuId=209-5846
http://www.tesco.com/direct/babyliss-soft-waves-210-pro-34mm-ceramic-barrel/215-0303.prd?pageLevel=&skuId=215-0303
http://www.tesco.com/direct/babyliss-2025hu-professional-slim-ceramic-straightening-irons/209-1750.prd?pageLevel=&skuId=209-1750
http://www.tesco.com/direct/ionika-tattoo-mini-straightener/209-0955.prd?pageLevel=&skuId=209-0955
http://www.tesco.com/direct/babyliss-thermo-ceramic-rollers-3045u/135-3787.prd?pageLevel=&skuId=135-3787
http://www.tesco.com/direct/tresemme-2200w-exclusive-gift-set/215-1129.prd?pageLevel=&skuId=215-1129
http://www.tesco.com/direct/total-repair-herbal-shampoo/485-3268.prd?pageLevel=&skuId=485-3268,http://www.amazon.com/Total-Repair-Herbal-Shampoo-250ml/dp/B000Q325QI
http://www.tesco.com/direct/babyliss-turbo-shine-dryer-2000-5116u/207-0548.prd?pageLevel=&skuId=207-0548,http://www.amazon.com/Babyliss-5116u-Turbo-Shine-2000w/dp/B002XDPTL2
http://www.tesco.com/direct/philips-ceramic-straightener-hp834107/211-0094.prd?pageLevel=&skuId=211-0094,http://www.amazon.com/Philips-Tresemme-07-Ceramic-Straightener/dp/B001C9TUG8
http://www.tesco.com/direct/toni-and-guy-touch-control-digital-dryer/208-4776.prd?pageLevel=&skuId=208-4776
http://www.tesco.com/direct/babyliss-boutique-2307bu-loose-waves-hair-curling-tong/584-6772.prd?pageLevel=&skuId=584-6772
http://www.tesco.com/direct/sassoon-silky-ionic-performance-hair-dryer-vsdr5818uk/207-0513.prd?pageLevel=&skuId=207-0513
http://www.tesco.com/direct/remington-s1450-ceramic-slim-straightener-black/211-1909.prd?pageLevel=&skuId=211-1909,http://www.amazon.com/Remington-S1450-Ceramic-Slim-Straightener/dp/B005BNMW6Q
http://www.tesco.com/direct/mini-hairdryer-green/423-1755.prd?pageLevel=&skuId=423-1755
http://www.tesco.com/direct/sassoon-silky-2000w-diffuser-dryer/206-0636.prd?pageLevel=&skuId=206-0636
http://www.tesco.com/direct/jf-sheer-blondeboost-mousse-200ml/117-8429.prd?pageLevel=&skuId=117-8429
http://www.tesco.com/direct/babyliss-2165bu-professional-ceramic-210-hair-crimper/207-3778.prd?pageLevel=&skuId=207-3778,http://www.amazon.com/Babyliss--Crimp-Ceramic-Crimper-2165bu/dp/B006B3OXA8
http://www.tesco.com/direct/remington-d6090-hair-dryer/562-8409.prd?pageLevel=&skuId=562-8409
http://www.tesco.com/direct/remington-ci9532-pearl-pro-hair-curling-wand/214-8765.prd?pageLevel=&skuId=214-8765
http://www.tesco.com/direct/vidal-sassoon-express-curl-hot-air-styler/279-8909.prd?pageLevel=&skuId=279-8909
http://www.tesco.com/direct/lee-s-dryer-kit/459-6657.prd?pageLevel=&skuId=459-6657
http://www.tesco.com/direct/toni-and-guy-touch-control-digital-straightener/208-9271.prd?pageLevel=&skuId=208-9271
http://www.tesco.com/direct/babyliss-turbo-shine-dryer-2000-5116u/207-0548.prd?pageLevel=&skuId=207-0548,http://www.amazon.com/Babyliss-5116u-Turbo-Shine-2000w/dp/B002XDPTL2
http://www.tesco.com/direct/toni-guy-2100w-professional-compact-ac-dryer-5367/632-7735.prd?pageLevel=&skuId=632-7735
http://www.tesco.com/direct/lloytron-h1512bk-paul-anthony-pro-2010-2000wac-hair-dryer/789-6367.prd?pageLevel=&skuId=789-6367,http://www.amazon.com/Lloytron-H1512bk-Anthony-2000wa-Dryer/dp/B005Z0QRIY
http://www.tesco.com/direct/thx-total-hair-experts-turn-up-the-heat-digital-straightener/215-5206.prd?pageLevel=&skuId=215-5206
http://www.tesco.com/direct/babyliss-nano-dry-1200-pink-hairdryer/639-5279.prd?pageLevel=&skuId=639-5279
http://www.tesco.com/direct/babyliss-soft-waves-210-pro-34mm-ceramic-barrel/215-0303.prd?pageLevel=&skuId=215-0303
http://www.tesco.com/direct/thx-total-hair-experts-limited-edition-straightener-pink/584-2396.prd?pageLevel=&skuId=584-2396
http://www.tesco.com/direct/babyliss-2039u-pro-ceramic-215-hair-straighteners-multi-voltage/212-8132.prd?pageLevel=&skuId=212-8132
http://www.tesco.com/direct/babyliss-2777u-42mm-big-hair/739-6475.prd?pageLevel=&skuId=739-6475
http://www.tesco.com/direct/vidal-sassoon-infra-radiance-curler/499-7243.prd?pageLevel=&skuId=499-7243
http://www.tesco.com/direct/babyliss-2856ncu-pro-200-nano-straightener-green/582-9093.prd?pageLevel=&skuId=582-9093
http://www.tesco.com/direct/babyliss-pro-235-elegance-2098du/353-3496.prd?pageLevel=&skuId=353-3496
http://www.tesco.com/direct/enrapture-encore-totem-styler-hair-curling-tong/373-5947.prd?pageLevel=&skuId=373-5947
http://www.tesco.com/direct/tresemme-2804bu-salon-professional-styling-hair-curling-wand/215-5393.prd?pageLevel=&skuId=215-5393
http://www.tesco.com/direct/tesco-2000w-hair-dryer/215-3660.prd?pageLevel=&skuId=215-3660
http://www.tesco.com/direct/nicky-clarke-mirrored-shine-dryer/211-0708.prd?pageLevel=&skuId=211-0708
http://www.tesco.com/direct/babyliss-5567u-turbo-power-2200-hair-dryer/211-7957.prd?pageLevel=&skuId=211-7957,http://www.amazon.com/Babyliss-5567u-Turbo-Power-Dryer/dp/B005EVTZAQ
http://www.tesco.com/direct/remington-pearl-fork-pro-styler-hair-curling-tong/211-8436.prd?pageLevel=&skuId=211-8436
http://www.tesco.com/direct/babyliss-pro-200-nano-straightener-purple/626-9006.prd?pageLevel=&skuId=626-9006
http://www.tesco.com/direct/thx-total-hair-experts-sleek-and-chic-xs-hairdryer/129-4234.prd?pageLevel=&skuId=129-4234
http://www.tesco.com/direct/babyliss-waving-professional-hair-curling-wand/208-3984.prd?pageLevel=&skuId=208-3984
http://www.tesco.com/direct/wahl-straightening-comb-24w-zx698/672-1789.prd?pageLevel=&skuId=672-1789,http://www.amazon.com/Wahl-Zx698-800-Ceramic-Afro-Straightening/dp/B00I1TYIPA
http://www.tesco.com/direct/babyliss-2098cu-pro-235-elegance/211-6636.prd?pageLevel=&skuId=211-6636
http://www.tesco.com/direct/remington-h0747-jumbo-rollers/229-7832.prd?pageLevel=&skuId=229-7832,http://www.amazon.com/Remington-H0747-Ceramic-Ionic-Rollers/dp/B004GE6280
http://www.tesco.com/direct/braun-satin-hair-7-hd770-colour-saver-hair-dryer-with-diffuser/431-1423.prd?pageLevel=&skuId=431-1423
http://www.tesco.com/direct/babyliss-pro-conical-wand-32-19mm-black/432-8648.prd?pageLevel=&skuId=432-8648
http://www.tesco.com/direct/nicky-clarke-hair-therapy-digital-tong/210-8932.prd?pageLevel=&skuId=210-8932
http://www.tesco.com/direct/tresemm-salon-professional-ac-dryer/208-3543.prd?pageLevel=&skuId=208-3543
http://www.tesco.com/direct/babyliss-pro-ceramic-12-in-1-styler-2800cu/677-7775.prd?pageLevel=&skuId=677-7775
http://www.tesco.com/direct/wahl-zx305-curling-tong-9mm-steel/438-4149.prd?pageLevel=&skuId=438-4149,http://www.amazon.com/Wahl-Zx305-High-Temperature-Curling/dp/B00I1U786A
http://www.tesco.com/direct/nicky-clarke-mayfair-advanced-straighteners/529-1340.prd?pageLevel=&skuId=529-1340
http://www.tesco.com/direct/babyliss-volume-waves-hair-curling-tong/209-7749.prd?pageLevel=&skuId=209-7749
http://www.tesco.com/direct/braun-satin-hair-7-st750-colour-saver-hair-straightener-and-styler/480-2463.prd?pageLevel=&skuId=480-2463,http://www.amazon.com/Braun-Satin-Straightener-Color-Saver/dp/B00ISAVKXK
http://www.tesco.com/direct/lee-stafford-intelligent-crimper/396-8134.prd?pageLevel=&skuId=396-8134
http://www.tesco.com/direct/braun-satin-hair-7-st780-sensocare-hair-straightener-and-styler/660-1274.prd?pageLevel=&skuId=660-1274,http://www.amazon.com/Satin-Hair-ST780-SensoCare-styler/dp/B009RLCS6C
http://www.tesco.com/direct/lloytron-h1511sv-orbit-2010-2000w-hair-dryer/469-3952.prd?pageLevel=&skuId=469-3952,http://www.amazon.com/Lloytron-Diffuser-H1511SV-Settings-shipping/dp/B00F9BZKC8
http://www.tesco.com/direct/thx-total-hair-experts-mix-it-up-styler/215-3630.prd?pageLevel=&skuId=215-3630
http://www.tesco.com/direct/jf-luxurious-vol-thickening-conditioner-50ml/119-0007.prd?pageLevel=&skuId=119-0007
http://www.tesco.com/direct/remington-230-ceramic-straight-slim-straightener/213-6631.prd?pageLevel=&skuId=213-6631,http://www.amazon.com/Remington-S2014-Slim-Ceramic-Straightener/dp/B000SZ95QC
http://www.tesco.com/direct/babyliss-2398u-pro-235-smooth-straightner/493-0544.prd?pageLevel=&skuId=493-0544
http://www.tesco.com/direct/vidal-sassoon-infra-radiance-straightener/242-0494.prd?pageLevel=&skuId=242-0494
http://www.tesco.com/direct/hopes-relief-conditioner/475-1632.prd?pageLevel=&skuId=475-1632,http://www.amazon.com/Hopes-Relief-HOPESCREAM-Premium-Eczema/dp/B00564XTEY
http://www.tesco.com/direct/braun-satin-hair-7-hd730-iontec-hair-dryer-with-diffuser/329-6985.prd?pageLevel=&skuId=329-6985,http://www.amazon.com/Braun-Satin-Hair-Iontec-Brush/dp/B004PCMS1I
http://www.tesco.com/direct/tresemme-2805u-ceramic-volume-hair-curling-tong/215-2592.prd?pageLevel=&skuId=215-2592
http://www.tesco.com/direct/revlon-9142cu-powerdry-2000w/211-8030.prd?pageLevel=&skuId=211-8030
http://www.tesco.com/direct/remington-ci6219-stylist-easy-curl/472-4542.prd?pageLevel=&skuId=472-4542,http://www.amazon.com/Remington-Ci6219-Stylist-Ceramic-Curling/dp/B00I1TIQYO
http://www.tesco.com/direct/kids-only-conditioner-organic/450-0076.prd?pageLevel=&skuId=450-0076
http://www.tesco.com/direct/nicky-clarke-mirrored-shine-straightener/210-5886.prd?pageLevel=&skuId=210-5886
http://www.tesco.com/direct/babyliss-pro-235-styler/211-6828.prd?pageLevel=&skuId=211-6828
http://www.tesco.com/direct/nicky-clarke-pro-2000-ac-hairdryer/289-4038.prd?pageLevel=&skuId=289-4038
http://www.tesco.com/direct/thin-to-thick-conditioner/200-6719.prd?pageLevel=&skuId=200-6719
http://www.tesco.com/direct/babyliss-dryer-5569u-pro-power-2100w/207-5237.prd?pageLevel=&skuId=207-5237
http://www.tesco.com/direct/avocado-calendula-re-moisturising-conditioner/673-7821.prd?pageLevel=&skuId=673-7821
http://www.tesco.com/direct/thx-total-hair-experts-pump-up-the-volume-diffuser-dryer/215-3199.prd?pageLevel=&skuId=215-3199
http://www.tesco.com/direct/gardenia-hydrat-hair-cond-350ml/285-0729.prd?pageLevel=&skuId=285-0729
http://www.tesco.com/direct/remington-d3110-dryer-gift-set/678-5859.prd?pageLevel=&skuId=678-5859
http://www.tesco.com/direct/resemme-salon-professional-2066u-ceramic-styler-230-hair-straightener/599-9624.prd?pageLevel=&skuId=599-9624
http://www.tesco.com/direct/stimulate-balance-herbal-conditioner/426-4529.prd?pageLevel=&skuId=426-4529
http://www.tesco.com/direct/thx-total-hair-experts-power-up-2200w-hairdryer/435-6539.prd?pageLevel=&skuId=435-6539
http://www.tesco.com/direct/babyliss-salon-ceramic-rollers/743-5053.prd?pageLevel=&skuId=743-5053
http://www.tesco.com/direct/jf-brilliant-brunette-mst-conditioner-50ml/427-1238.prd?pageLevel=&skuId=427-1238
http://www.tesco.com/direct/wahl-zx307-curling-tongs-16mm/767-7780.prd?pageLevel=&skuId=767-7780,http://www.amazon.com/Wahl-WL2790-16MM-CURLING-TONGS/dp/B00014TDMG
http://www.tesco.com/direct/lee-stafford-my-big-fat-root-boosting-brush/657-9677.prd?pageLevel=&skuId=657-9677
http://www.tesco.com/direct/design-go-dg700-travel-hair-straightener/676-2310.prd?pageLevel=&skuId=676-2310
http://www.tesco.com/direct/unscented-wheat-free-very-gentle-500ml-conditioner/765-5126.prd?pageLevel=&skuId=765-5126
http://www.tesco.com/direct/ginkgo-jojoba-intensive-moisture-vitamin-masque/745-1520.prd?pageLevel=&skuId=745-1520
http://www.tesco.com/direct/lloytron-h1010sv-1200w-travel-hair-dryer/723-7678.prd?pageLevel=&skuId=723-7678,http://www.amazon.com/Lloytron--H1010sv-Folding-Handle-Travel/dp/B003N91UL8
http://www.tesco.com/direct/remington-s9500-pearl-hair-straightener/208-2607.prd?pageLevel=&skuId=208-2607,http://www.amazon.com/Remington-S9500-Style-Ceramic-Straightener/dp/B00I1TMPIW
http://www.tesco.com/direct/babyliss-vintage-glamour-wave-maker-2286cu-wand/290-0159.prd?pageLevel=&skuId=290-0159
http://www.tesco.com/direct/avocado-calendula-re-moisturising-conditioner/297-6082.prd?pageLevel=&skuId=350-7212
http://www.tesco.com/direct/faith-in-nature-tea-tree-conditioner/630-5999.prd?pageLevel=&skuId=630-5999,http://www.amazon.com/Faith-In-Nature-Conditioner-400ml/dp/B002MXH150
http://www.tesco.com/direct/sea-kelp-plumeria-moisturizing-conditioner/325-4899.prd?pageLevel=&skuId=325-4899
http://www.tesco.com/direct/nim-veda-neem-conditioner/365-3310.prd?pageLevel=&skuId=365-3310,http://www.amazon.com/Nim-veda-NimVeda-Conditioner-250ml/dp/B0013GARXA
http://www.tesco.com/direct/lloytron-h1511sv-orbit-2010-2000w-hair-dryer/469-3952.prd?pageLevel=&skuId=469-3952,http://www.amazon.com/Lloytron-Diffuser-H1511SV-Settings-shipping/dp/B00F9BZKC8
http://www.tesco.com/direct/macadamia-wheat-protein-treatment-conditioner/486-6956.prd?pageLevel=&skuId=486-6956,http://www.amazon.com/AKin-Macadamia-Wheat-Conditioner-500Ml/dp/B0030TVPXO
http://www.tesco.com/direct/org-citrus-hair-conditioner-rinse/415-4363.prd?pageLevel=&skuId=415-4363
http://www.tesco.com/direct/jf-sheer-blondehair-repair-25ml-sachet/689-0950.prd?pageLevel=&skuId=689-0950
http://www.tesco.com/direct/lee-stafford-intelligent-crimper/396-8134.prd?pageLevel=&skuId=396-8134
http://www.tesco.com/direct/thx-total-hair-experts-wave-hello-32mm-wave-hair-curling-tong/215-5277.prd?pageLevel=&skuId=215-5277
http://www.tesco.com/direct/children-conditioner-organic-lavender/157-5125.prd?pageLevel=&skuId=157-5125
http://www.tesco.com/direct/loreal-he-ever-sleek-cond-250mlnourishing/291-6412.prd?pageLevel=&skuId=291-6412
http://www.tesco.com/direct/daily-conditioner-fragrance-free/769-9006.prd?pageLevel=&skuId=769-9006,http://www.amazon.com/Jason-Jas-9363-Conditioner-Daily-Fragrance/dp/B00AJZOKGG
http://www.tesco.com/direct/jf-sheer-blonde-everlasting-cond-250ml/693-3362.prd?pageLevel=&skuId=693-3362,http://www.amazon.com/John-Frieda-Everlasting-Preserving-Shampoo/dp/B00C0WJFK2
http://www.tesco.com/direct/nicky-clarke-hair-therapy-straightener/210-5035.prd?pageLevel=&skuId=210-5035
http://www.tesco.com/direct/aloe-vera-herbal-conditioner/226-7413.prd?pageLevel=&skuId=226-7413
http://www.tesco.com/direct/sea-kelp-conditioner-organic-480ml-conditioner/304-8388.prd?pageLevel=&skuId=304-8388,http://www.amazon.com/Jason-Bodycare-Organic-Conditioner-480ml/dp/B00AWNDFMU
http://www.tesco.com/direct/rem-s1400-straightener/350-7181.prd?pageLevel=&skuId=350-7181
http://www.tesco.com/direct/remington-d3110-dryer-gift-set/678-5859.prd?pageLevel=&skuId=678-5859
http://www.tesco.com/direct/jf-frizz-ease-smooth-start-cond-250ml/728-8020.prd?pageLevel=&skuId=728-8020
http://www.tesco.com/direct/moisture-restoring-conditioner-cap/169-1191.prd?pageLevel=&skuId=169-1191
http://www.tesco.com/direct/sassoon-perfectly-smooth-ceramic-straightener/210-9042.prd?pageLevel=&skuId=210-9042,http://www.amazon.com/Vidal-Sassoon-Ceramic-Straightener-1/dp/B006CA1WMC
http://www.tesco.com/direct/toni-guy-38mm-jumbo-digital-tong/208-7361.prd?pageLevel=&skuId=208-7361
http://www.tesco.com/direct/organic-vitamin-ac-e-conditioner/253-5738.prd?pageLevel=&skuId=253-5738
http://www.tesco.com/direct/babyliss-vintage-glamour-wave-maker-2286cu-wand/290-0159.prd?pageLevel=&skuId=290-0159
http://www.tesco.com/direct/babyliss-vintage-glamour-ac-diffuser-dryer-5568cu/301-9748.prd?pageLevel=&skuId=301-9748
http://www.tesco.com/direct/babyliss-boutique-2199u-digital-smooth-ceramic-235-straightener/441-7820.prd?pageLevel=&skuId=441-7820
http://www.tesco.com/direct/tresemme-2804bu-salon-professional-styling-hair-curling-wand/215-5393.prd?pageLevel=&skuId=215-5393
http://www.tesco.com/direct/thx-total-hair-experts-limited-edition-hairdryer-pink/122-7096.prd?pageLevel=&skuId=122-7096
http://www.tesco.com/direct/chocolate-conditioner-400ml-conditioner/606-9847.prd?pageLevel=&skuId=606-9847,http://www.amazon.com/Faith-In-Nature-Chocolate-Conditioner/dp/B001M5DU04
http://www.tesco.com/direct/lee-stafford-blow-dry-me-faster-ac-dryer/649-1439.prd?pageLevel=&skuId=649-1439
http://www.tesco.com/direct/dead-sea-spa-magik-scalp-mud-conditioner-150ml/643-0581.prd?pageLevel=&skuId=643-0581,http://www.amazon.com/Dead-Sea-Spa-Magik-Conditioning/dp/B000KUAJDS
http://www.tesco.com/direct/babyliss-salon-ceramic-rollers/743-5053.prd?pageLevel=&skuId=743-5053
http://www.tesco.com/direct/t-h-x-total-hair-experts-accentuate-extra-lite-2000w-dryer-yellow/247-1976.prd?pageLevel=&skuId=247-1976
http://www.tesco.com/direct/babyliss-pro-200-nano-straightener-purple/626-9006.prd?pageLevel=&skuId=626-9006
http://www.tesco.com/direct/gloss-vibrant-condtioner/610-4622.prd?pageLevel=&skuId=610-4622
http://www.tesco.com/direct/lee-stafford-my-big-fat-root-boosting-brush/657-9677.prd?pageLevel=&skuId=657-9677
http://www.tesco.com/direct/babyliss-pro-230-smooth-shine/213-4139.prd?pageLevel=&skuId=213-4139
http://www.tesco.com/direct/intensive-repair-conditioner/564-0919.prd?pageLevel=&skuId=564-0919,http://www.amazon.com/Dove-Intensive-Repair-Treatment-Conditioner/dp/B00CHTZ2ZA
http://www.tesco.com/direct/leo-bancroft-ultimately-intense-mask-sachet/755-1751.prd?pageLevel=&skuId=755-1751
http://www.tesco.com/direct/sos-intensive-care-dry-scalp-conditioner/215-6285.prd?pageLevel=&skuId=215-6285
http://www.tesco.com/direct/no-scent-conditioner/135-5047.prd?pageLevel=&skuId=135-5047
http://www.tesco.com/direct/mini-ceramic-straightener-purple/272-4790.prd?pageLevel=&skuId=272-4790
http://www.tesco.com/direct/neem-oil-conditioner/605-5806.prd?pageLevel=&skuId=605-5806
http://www.tesco.com/direct/john-frieda-condbrill-brunette-liq-shine-250ml/204-1558.prd?pageLevel=&skuId=204-1558
http://www.tesco.com/direct/rosemary-conditioner/279-2797.prd?pageLevel=&skuId=279-2797,http://www.amazon.com/Aveda-Rosemary-Conditioner-33-8-Ounce-Bottles/dp/B000VHFZTI
http://www.tesco.com/direct/rosewater-chamomile-normalizing-conditioner-201ml-conditioner/586-3318.prd?pageLevel=&skuId=586-3318
http://www.tesco.com/direct/jf-sheer-blondecolour-renew-cond-250ml/794-7432.prd?pageLevel=&skuId=794-7432
http://www.tesco.com/direct/aloe-vera-herbal-conditioner/226-7413.prd?pageLevel=&skuId=226-7413
http://www.tesco.com/direct/jf-brilliant-brunette-mst-shampoo-50ml/385-0683.prd?pageLevel=&skuId=385-0683
http://www.tesco.com/direct/vitamin-conditioner/610-9323.prd?pageLevel=&skuId=610-9323
http://www.tesco.com/direct/john-frieda-frizz-ease-straight-ahead-conditioner-250ml/109-6664.prd?pageLevel=&skuId=109-6664
http://www.tesco.com/direct/ylang-ylang-shampoo/738-4434.prd?pageLevel=&skuId=738-4434
http://www.tesco.com/direct/john-frieda-full-repair-full-deep-conditioner-150ml/301-4028.prd?pageLevel=&skuId=301-4028,http://www.amazon.com/John-frieda-Repair-Conditioner-150ml/dp/B00720SBDO
http://www.tesco.com/direct/loreal-he-ever-pure-cond-smoothing-250-ml/220-7943.prd?pageLevel=&skuId=220-7943
http://www.tesco.com/direct/apricotkeratin-conditioner-organic/467-3080.prd?pageLevel=&skuId=467-3080
http://www.tesco.com/direct/dead-sea-spa-magik-hair-magic-serum-150ml/755-2143.prd?pageLevel=&skuId=755-2143,http://www.amazon.com/Dead-Sea-Spa-Magik-Serum/dp/B000KU71LG
http://www.tesco.com/direct/rice-aminos-225ml-shampoo/472-8841.prd?pageLevel=&skuId=472-8841,http://www.amazon.com/AKin-Amino-Wheat-Shampoo-500Ml/dp/B0038VSRTE
http://www.tesco.com/direct/naturtint-reflex-10-black/753-7194.prd?pageLevel=&skuId=753-7194,http://www.amazon.com/Naturtint-Reflex-Non-Permanent-Black-90ml/dp/B002RSE1FI
http://www.tesco.com/direct/moisture-restoring-shampoo-cap/628-0775.prd?pageLevel=&skuId=628-0775
http://www.tesco.com/direct/naturtint-6n-colourant/590-0800.prd?pageLevel=&skuId=309-2770,http://www.amazon.com/Faith-In-Nature-Jojoba-Conditioner/dp/B0057J1YAO
http://www.tesco.com/direct/babyliss-elegance-2100-5560ju-hairdryer/627-3801.prd?pageLevel=&skuId=627-3801
http://www.tesco.com/direct/naturtint-reflex-50-light-chestnut-brown/624-7784.prd?pageLevel=&skuId=624-7784,http://www.amazon.com/Naturtint-Reflex-Non-Permanent-Light-Chestnut/dp/B004H4QYJQ
http://www.tesco.com/direct/babyliss-vintage-glamour-straightener-2067cu/337-3863.prd?pageLevel=&skuId=337-3863
http://www.tesco.com/direct/aloe-vera-conditioner-200ml-conditioner/456-2018.prd?pageLevel=&skuId=456-2018,http://www.amazon.com/Aloe-Pura-Vera-Conditioner-200Ml/dp/B0013G32A0
http://www.tesco.com/direct/thx-total-hair-experts-limited-edition-straightener-pink/584-2396.prd?pageLevel=&skuId=584-2396
http://www.tesco.com/direct/purifying-shampoo-pump/698-7712.prd?pageLevel=&skuId=132-2694,http://www.amazon.com/Sukin-Purifying-Shampoo-Pump-500ml/dp/B00BFVTVI0
http://www.tesco.com/direct/resemme-salon-professional-2066u-ceramic-styler-230-hair-straightener/599-9624.prd?pageLevel=&skuId=599-9624
http://www.tesco.com/direct/jf-frizz-ease-smooth-start-cond-250ml/728-8020.prd?pageLevel=&skuId=728-8020
http://www.tesco.com/direct/thx-total-hair-experts-limited-edition-straightener-purple/724-7558.prd?pageLevel=&skuId=724-7558
http://www.tesco.com/direct/nicky-clarke-2000w-frizz-control-dryer/208-8231.prd?pageLevel=&skuId=208-8231
http://www.tesco.com/direct/wahl-zx307-16mm-steel-curling-tongs/430-8184.prd?pageLevel=&skuId=430-8184,http://www.amazon.com/Wahl-WL2790-16MM-CURLING-TONGS/dp/B00014TDMG
http://www.tesco.com/direct/tea-tree-oil-therapy-conditioner-organic/695-5550.prd?pageLevel=&skuId=695-5550
http://www.tesco.com/direct/babyliss-pro-235-styler/211-6828.prd?pageLevel=&skuId=211-6828
http://www.tesco.com/direct/evolve-beauty-multi-protein-shampoo-200ml/215-3249.prd?pageLevel=&skuId=215-3249,http://www.amazon.com/Evolve-Beauty-Protein-Build-Shampoo/dp/B00AKFO6U0
http://www.tesco.com/direct/loreal-he-ever-sleek-int-250ml-nourish-spoo/313-6694.prd?pageLevel=&skuId=313-6694
http://www.tesco.com/direct/nicky-clarke-pro-2000-ac-hairdryer/289-4038.prd?pageLevel=&skuId=289-4038
http://www.tesco.com/direct/solaray-camomile-luxurious-volumizing-shampoo/333-2207.prd?pageLevel=&skuId=333-2207
http://www.tesco.com/direct/remington-d5015-pro-shine-ionic-2100-dryer/206-3251.prd?pageLevel=&skuId=206-3251,http://www.amazon.com/Remington-D5015-2100-Hair-Dryer/dp/B002C1AYAG
http://www.tesco.com/direct/lee-stafford-wave-machine/747-2878.prd?pageLevel=&skuId=747-2878
http://www.tesco.com/direct/thx-roll-with-it-rollers/763-4869.prd?pageLevel=&skuId=763-4869
http://www.tesco.com/direct/thx-total-hair-experts-power-up-2200w-hairdryer/435-6539.prd?pageLevel=&skuId=435-6539
http://www.tesco.com/direct/leo-bancroft-beautifully-brunette-shampoo/174-1429.prd?pageLevel=&skuId=174-1429
http://www.tesco.com/direct/stylerush-straightening-iron-purple/210-8339.prd?pageLevel=&skuId=210-8339
http://www.tesco.com/direct/ionika-hot-pink-zebra-print-mini-straightener/209-5743.prd?pageLevel=&skuId=209-5743,http://www.amazon.com/Ionika-Professional-Mini-Styling-Iron/dp/B00FN81WHO
http://www.tesco.com/direct/wahl-zx309-hair-curling-tongs-25mm/312-3170.prd?pageLevel=&skuId=312-3170,http://www.amazon.com/Wahl-Curling-Tong-Steel-Zx306/dp/B00014TDM6
http://www.tesco.com/direct/revlon-shape-and-smooth-hot-air-styler/215-1055.prd?pageLevel=&skuId=215-1055,http://www.amazon.com/Revlon--Shape-And-Smooth-Styler/dp/B006HLIHII
http://www.tesco.com/direct/wahl-zx308-19mm-steel-curling-tongs/302-9845.prd?pageLevel=&skuId=302-9845,http://www.amazon.com/Wahl-Curling-Tong-Steel-Zx308/dp/B00014TDMQ
http://www.tesco.com/direct/wahl-zx305-curling-tong-9mm-steel/438-4149.prd?pageLevel=&skuId=438-4149,http://www.amazon.com/Wahl-Zx305-High-Temperature-Curling/dp/B00I1U786A
http://www.tesco.com/direct/braun-satin-hair-7-st750-colour-saver-hair-straightener-and-styler/480-2463.prd?pageLevel=&skuId=480-2463,http://www.amazon.com/Braun-Satin-Straightener-Color-Saver/dp/B00ISAVKXK
http://www.tesco.com/direct/leo-bancroft-instant-recharge-hair-body-wash/422-7243.prd?pageLevel=&skuId=422-7243
http://www.tesco.com/direct/neem-pet-shampoo/515-1556.prd?pageLevel=&skuId=515-1556
http://www.tesco.com/direct/leo-bancroft-gentle-care-sulphate-free-shampoo/386-0659.prd?pageLevel=&skuId=386-0659
http://www.tesco.com/direct/jf-sheer-blonde-mst-shampoo-light-50ml/417-5987.prd?pageLevel=&skuId=417-5987
http://www.tesco.com/direct/ultra-hair-conditioning-shampoo/112-7178.prd?pageLevel=&skuId=112-7178
http://www.tesco.com/direct/jf-frizz-ease-smooth-start-shampoo-50ml/716-9018.prd?pageLevel=&skuId=716-9018
http://www.tesco.com/direct/shampoo-for-women-300-ml-creamy-liquid/431-5334.prd?pageLevel=&skuId=431-5334
http://www.tesco.com/direct/leo-bancroft-soothing-therapy-shampoo/134-8300.prd?pageLevel=&skuId=134-8300
http://www.tesco.com/direct/biotin-shampoo-organic/786-9694.prd?pageLevel=&skuId=786-9694
http://www.tesco.com/direct/leo-bancroft-irresistibly-shiny-conditioner/571-6933.prd?pageLevel=&skuId=571-6933
http://www.tesco.com/direct/moisturising-shampoo-200ml-shampoo/616-4628.prd?pageLevel=&skuId=616-4628,http://www.amazon.com/Specifique-Exfoliant-Hydratant-Anti-Dandruff-Moisturising/dp/B00H4JGK0O
http://www.tesco.com/direct/barefoot-sos-dry-scalp-treatment-shampoo-200ml/215-0904.prd?pageLevel=&skuId=215-0904,http://www.amazon.com/Barefoot-Botanicals-SOS-Treatment-Shampoo/dp/B00HLHEYRK
http://www.tesco.com/direct/leo-bancroft-beautifully-brunette-conditioner/227-3793.prd?pageLevel=&skuId=227-3793
http://www.tesco.com/direct/lemongrass-500ml-shampoo/380-8883.prd?pageLevel=&skuId=380-8883,http://www.amazon.com/British-Delights-Lemongrass-Cordial-500ml/dp/B00CASA33E
http://www.tesco.com/direct/intensive-repair-conditioner/564-0919.prd?pageLevel=&skuId=564-0919,http://www.amazon.com/Dove-Intensive-Repair-Treatment-Conditioner/dp/B00CHTZ2ZA
http://www.tesco.com/direct/ginkgo-biloba-shampoo-400ml-shampoo/772-7426.prd?pageLevel=&skuId=772-7426,http://www.amazon.com/Faith-In-Nature-Ginkgo-Shampoo/dp/B002MXMPLA
http://www.tesco.com/direct/protein-conditioner-pump/514-8059.prd?pageLevel=&skuId=514-8059,http://www.amazon.com/Sukin-Protein-Conditioner-Pump-500ml/dp/B00BFVTOIC
http://www.tesco.com/direct/no-scent-conditioner/135-5047.prd?pageLevel=&skuId=135-5047
http://www.tesco.com/direct/apricotkeratin-shampoo-organic/595-3841.prd?pageLevel=&skuId=595-3841
http://www.tesco.com/direct/organix-macadamia-oil-shampoo-385ml/114-1581.prd?pageLevel=&skuId=114-1581,http://www.amazon.com/Macadamia-Oil-Rejuvenating-Shampoo-ounces/dp/B002WTC38E
http://www.tesco.com/direct/jf-frizz-ease-curl-around-shampoo-250ml/658-1101.prd?pageLevel=&skuId=658-1101
http://www.tesco.com/direct/loreal-he-ever-pure-cond-smoothing-250-ml/220-7943.prd?pageLevel=&skuId=220-7943
http://www.tesco.com/direct/neem-oil-conditioner/605-5806.prd?pageLevel=&skuId=605-5806
http://www.tesco.com/direct/jf-frizz-ease-smooth-start-conditioner-50ml/440-1805.prd?pageLevel=&skuId=440-1805
http://www.tesco.com/direct/gloss-vibrant-condtioner/610-4622.prd?pageLevel=&skuId=610-4622
http://www.tesco.com/direct/dead-sea-spa-magik-shampoo-330ml/693-6529.prd?pageLevel=&skuId=693-6529,http://www.amazon.com/Dead-Sea-Spa-Magik-Mineral/dp/B000KU934E
http://www.tesco.com/direct/jojoba-conditioner-organic/684-0930.prd?pageLevel=&skuId=684-0930,http://www.amazon.com/Conditioner-Jojoba-Jason-Natural-16/dp/B0019LWI40
http://www.tesco.com/direct/vitamin-conditioner/610-9323.prd?pageLevel=&skuId=610-9323
http://www.tesco.com/direct/john-frieda-sheer-blonde-go-blonder-lightening-conditioner-250ml/189-5772.prd?pageLevel=&skuId=189-5772,http://www.amazon.com/Highlight-Activating-Moisturising-Shampoo-Blondes/dp/B00A77685M
http://www.tesco.com/direct/john-frieda-spoobrill-brunette-liq-shine-250ml/158-6020.prd?pageLevel=&skuId=158-6020
http://www.tesco.com/direct/dead-sea-spa-magik-hair-magic-serum-150ml/755-2143.prd?pageLevel=&skuId=755-2143,http://www.amazon.com/Dead-Sea-Spa-Magik-Serum/dp/B000KU71LG
http://www.tesco.com/direct/along-came-betty-headband/650-0309.prd?pageLevel=&skuId=650-0309,http://www.amazon.com/Along-Came-Betty/dp/B003ENOWOA
http://www.tesco.com/direct/john-frieda-luxurious-volume-thickening-conditioner-250ml/633-2124.prd?pageLevel=&skuId=633-2124,http://www.amazon.com/John-Frieda-Luxurious-Touchably-Shampoo/dp/B000ORUM1Q
http://www.tesco.com/direct/rosewater-chamomile-normalizing-conditioner-201ml-conditioner/586-3318.prd?pageLevel=&skuId=586-3318
http://www.tesco.com/direct/jf-sheer-blondecolour-renew-cond-250ml/794-7432.prd?pageLevel=&skuId=794-7432
http://www.tesco.com/direct/jf-luxurious-volfine-tofull-blowout-spray-100ml/277-8745.prd?pageLevel=&skuId=277-8745
http://www.tesco.com/direct/jf-frizz-ease-original-serum-25ml/771-6366.prd?pageLevel=&skuId=771-6366
http://www.tesco.com/direct/loreal-mousse-absolue-natural-medium-brunette-500/418-7723.prd?pageLevel=&skuId=418-7723
http://www.tesco.com/direct/tea-tree-oil-therapy-conditioner-organic/695-5550.prd?pageLevel=&skuId=695-5550
http://www.tesco.com/direct/loreal-mousse-absolue-rich-dark-chocolate-425/334-4042.prd?pageLevel=&skuId=334-4042
http://www.tesco.com/direct/hi-shine-styling-gel/768-8529.prd?pageLevel=&skuId=768-8529
http://www.tesco.com/direct/loreal-he-ever-pure-cond-moistng-250ml/292-0255.prd?pageLevel=&skuId=292-0255
http://www.tesco.com/direct/johnsons-baby-no-more-tangles-spray-200ml/601-8620.prd?pageLevel=&skuId=601-8620,http://www.amazon.com/Johnsons-Baby-More-Tangles-Spray/dp/B005CMW6YE
http://www.tesco.com/direct/loreal-mousse-absolue-iced-chocolate-brunette-415/513-7200.prd?pageLevel=&skuId=513-7200
http://www.tesco.com/direct/henna-highlight-conditioner-organic-480ml-conditioner/341-8450.prd?pageLevel=&skuId=341-8450
http://www.tesco.com/direct/loreal-preference-platinum-extreme-platinum-blonde-8l/334-4857.prd?pageLevel=&skuId=334-4857
http://www.tesco.com/direct/aloe-vera-rosemary-styling-gel/489-1971.prd?pageLevel=&skuId=489-1971,http://www.amazon.com/In-A-Nutshell-Aloe-Vera/dp/186204709X
http://www.tesco.com/direct/jf-frizz-ease-miraculous-recovery-25ml/186-0802.prd?pageLevel=&skuId=186-0802
http://www.tesco.com/direct/jf-frizz-ease-dream-curl-spray-200ml/203-5002.prd?pageLevel=&skuId=203-5002
http://www.tesco.com/direct/john-frieda-frizz-ease-heat-defeat-spry150ml/624-0466.prd?pageLevel=&skuId=624-0466,http://www.amazon.com/Frizz-Defeat-Protective-Styling-FRIEDA/dp/B00IK1W4W8
http://www.tesco.com/direct/loreal-mousse-absolue-natural-dark-brunette-400/517-8945.prd?pageLevel=&skuId=517-8945
http://www.tesco.com/direct/jf-sheer-bld-lightening-spray100ml/523-1897.prd?pageLevel=&skuId=523-1897
http://www.tesco.com/direct/jf-full-repair-oil-elixir-100ml/325-9866.prd?pageLevel=&skuId=325-9866
http://www.tesco.com/direct/neem-pet-shampoo/515-1556.prd?pageLevel=&skuId=515-1556
http://www.tesco.com/direct/solaray-camomile-luxurious-volumizing-shampoo/333-2207.prd?pageLevel=&skuId=333-2207
http://www.tesco.com/direct/john-frieda-fease-straight-fixation-100ml/416-4057.prd?pageLevel=&skuId=416-4057
http://www.tesco.com/direct/a-vogel-bioforce-neem-shampoo-regular/172-1307.prd?pageLevel=&skuId=172-1307,http://www.amazon.com/A-Vogel-previously-Bioforce-repellent/dp/B003IJGE2I
http://www.tesco.com/direct/neem-oil-shampoo/472-1676.prd?pageLevel=&skuId=472-1676
http://www.tesco.com/direct/tisserand-tea-tree-lemon-rosemary-shampoo/215-3749.prd?pageLevel=&skuId=215-3749,http://www.amazon.com/Balancing-Rosemary-Shampoo-Tisserand-Liquid/dp/B0041POJKW
http://www.tesco.com/direct/organix-brazilian-keratin-smoothing-treatment-100ml/443-9998.prd?pageLevel=&skuId=443-9998
http://www.tesco.com/direct/jf-luxurious-volume-thick-mousse-200ml/532-4464.prd?pageLevel=&skuId=532-4464,http://www.amazon.com/Lazartigue-Body-Giving-Shampoo-200ml-6-8oz/dp/B0048FE5FO
http://www.tesco.com/direct/nourkrin-shampoo/426-9734.prd?pageLevel=&skuId=426-9734,http://www.amazon.com/Nourkrin-Shampoo-150ml/dp/B002RSC7PY
http://www.tesco.com/direct/faith-in-nature-tea-tree-shampoo/576-5002.prd?pageLevel=&skuId=576-5002
http://www.tesco.com/direct/children-shampoo-organic-lavender/348-1139.prd?pageLevel=&skuId=348-1139
http://www.tesco.com/direct/organix-nourishing-coconut-milk-shampoo-385-ml/500-5807.prd?pageLevel=&skuId=500-5807,http://www.amazon.com/Organix-Nourishing-Coconut-Milk-Shampoo/dp/B004Z0J9O4
http://www.tesco.com/direct/jf-sheer-blonde-everlasting-shampoo250ml/292-0045.prd?pageLevel=&skuId=292-0045
http://www.tesco.com/direct/tisserand-lavender-mint-conditioning-shampoo/215-7330.prd?pageLevel=&skuId=215-7330,http://www.amazon.com/Moisturising-Lavender-Conditioning-Shampoo-Tisserand/dp/B000Q301D2
http://www.tesco.com/direct/no-scent-shampoo/414-2360.prd?pageLevel=&skuId=414-2360
http://www.tesco.com/direct/babyliss-waving-professional-hair-curling-wand/208-3984.prd?pageLevel=&skuId=208-3984
http://www.tesco.com/direct/shampoo-for-women-300-ml-creamy-liquid/431-5334.prd?pageLevel=&skuId=431-5334
http://www.tesco.com/direct/babyliss-boutique-5616u-italian-ac-dryer-2400/409-4305.prd?pageLevel=&skuId=409-4305
http://www.tesco.com/direct/aloe-pura-aloe-vera-herbal-shampoo/224-1159.prd?pageLevel=&skuId=224-1159,http://www.amazon.com/Optima-Gentle-Action-Cleanse-Tablets/dp/B006GPKATO
http://www.tesco.com/direct/mango-moisturiz-hair-wash-350ml/772-2140.prd?pageLevel=&skuId=772-2140
http://www.tesco.com/direct/style-by-revlon-2259hu-ceramic-hair-curling-tong-brush/215-6859.prd?pageLevel=&skuId=215-6859
http://www.tesco.com/direct/nicky-clarke-mayfair-collection-230-straight-curl-straightener/211-8021.prd?pageLevel=&skuId=211-8021
http://www.tesco.com/direct/ionika-chrome-straightener/210-8255.prd?pageLevel=&skuId=210-8255
http://www.tesco.com/direct/loreal-he-ever-pure-moistng-spoo-250ml/375-5204.prd?pageLevel=&skuId=375-5204
http://www.tesco.com/direct/toni-guy-twist-crimp/649-9854.prd?pageLevel=&skuId=649-9854
http://www.tesco.com/direct/style-by-revlon-9371u-hot-brush/215-1216.prd?pageLevel=&skuId=215-1216
http://www.tesco.com/direct/hello-kitty-dryer-gift-set-5248hkbfu/349-8780.prd?pageLevel=&skuId=349-8780
http://www.tesco.com/direct/mum-me-baby-ultra-mild-baby-shampoo-300ml/110-3489.prd?pageLevel=&skuId=110-3489,http://www.amazon.com/Cussons-Ultra-Mild-Shampoo-300ml/dp/B00ATZ74NC
http://www.tesco.com/direct/johnsons-baby-easy-rinse-foam-shampoo-250ml/675-9211.prd?pageLevel=&skuId=675-9211
http://www.tesco.com/direct/thx-total-hair-experts-multi-tude-creative-styling/363-9361.prd?pageLevel=&skuId=363-9361
http://www.tesco.com/direct/remington-s1001-straightener-vintage-gift-set/104-8772.prd?pageLevel=&skuId=104-8772
http://www.tesco.com/direct/remington-ci8319-keratin-therapy-pro-hair-curling-tong/676-4316.prd?pageLevel=&skuId=676-4316
http://www.tesco.com/direct/rice-aminos-wheat-protein-intensive-moisture-500ml-shampoo/772-5165.prd?pageLevel=&skuId=772-5165,http://www.amazon.com/AKin-Amino-Wheat-Shampoo-500Ml/dp/B0038VSRTE
http://www.tesco.com/direct/lloytron-h1311sv-eco-dry-1600w-hair-dryer/603-8208.prd?pageLevel=&skuId=603-8208,http://www.amazon.com/Lloytron-1000-Hair-Dryer-1000w/dp/B007AF3W2G
http://www.tesco.com/direct/moisture-restoring-shampoo-pump/511-4580.prd?pageLevel=&skuId=511-4580,http://www.amazon.com/Joico-Moisture-Recovery-Shampoo-33-8oz/dp/B004WPAYW8
http://www.tesco.com/direct/toni-guy-daily-conditioning-dryer/207-9456.prd?pageLevel=&skuId=207-9456
http://www.tesco.com/direct/lee-stafford-blow-your-mind-dryer/123-6095.prd?pageLevel=&skuId=123-6095
http://www.tesco.com/direct/rose-milk-repair-shampoo-for-stressed-dry-hair-250ml-shampoo/361-9447.prd?pageLevel=&skuId=361-9447,http://www.amazon.com/Lavera-Rose-Repair-Treatment-Stressed/dp/B001IOR2D0
http://www.tesco.com/direct/leo-bancroft-simply-tousled-beach-wave-spray/622-4223.prd?pageLevel=&skuId=622-4223
http://www.tesco.com/direct/leo-bancroft-instantly-sleek-serum/753-0569.prd?pageLevel=&skuId=753-0569
http://www.tesco.com/direct/wahl-zx307-curling-tongs-16mm/767-7780.prd?pageLevel=&skuId=767-7780,http://www.amazon.com/Wahl-WL2790-16MM-CURLING-TONGS/dp/B00014TDMG
http://www.tesco.com/direct/joey-essex-extreme-hold-gel/770-0025.prd?pageLevel=&skuId=770-0025
http://www.tesco.com/direct/mini-1200w-hair-dryer-purple/671-1958.prd?pageLevel=&skuId=671-1958
http://www.tesco.com/direct/naturtint-reflex-70-hazelnut-blonde/400-0921.prd?pageLevel=&skuId=400-0921,http://www.amazon.com/Naturtint-Reflex-Non-Permanent-Hazelnut-Blonde/dp/B004JBNNG4
http://www.tesco.com/direct/naturtint-naturtint-7n-colourant/731-2833.prd?pageLevel=&skuId=294-6990
http://www.tesco.com/direct/garnier-olia-permanent-hair-colour-olia-60-light-brown/530-8404.prd?pageLevel=&skuId=530-8404,http://www.amazon.com/Garnier-Olia-Permanent-Colour-Brown/dp/B009SLH80M
http://www.tesco.com/direct/braun-satin-hair-7-hd730-iontec-hair-dryer-with-diffuser/329-6985.prd?pageLevel=&skuId=329-6985,http://www.amazon.com/Braun-Satin-Hair-Iontec-Brush/dp/B004PCMS1I
http://www.tesco.com/direct/braun-satin-hair-7-st710-iontec-hair-straightener-and-styler/433-2645.prd?pageLevel=&skuId=433-2645,http://www.amazon.com/Braun-Satin-Hair-Iontec-Brush/dp/B004PCMS1I
http://www.tesco.com/direct/mini-ceramic-straightener-pink/721-8245.prd?pageLevel=&skuId=721-8245
http://www.tesco.com/direct/naturtint-reflex-73-golden-blonde/734-8176.prd?pageLevel=&skuId=734-8176,http://www.amazon.com/Naturtint-Reflex-Semi-Permanent-Colourant--Golden/dp/B0013GAQE0
http://www.tesco.com/direct/wahl-silicone-colour-change-heat-mat-black-zx761/213-6646.prd?pageLevel=&skuId=213-6646
http://www.tesco.com/direct/naturtint-reflex-562-mahogany-90ml-liquid/764-2933.prd?pageLevel=&skuId=764-2933,http://www.amazon.com/Naturtint-Reflex-Non-Permanent-5-62-Mahogany/dp/B004H4SLCE
http://www.tesco.com/direct/naturtint-naturtint-7c-colourant/750-8298.prd?pageLevel=&skuId=694-0322
http://www.tesco.com/direct/naturtint-6n-colourant/590-0800.prd?pageLevel=&skuId=435-7176,http://www.amazon.com/Tree-Satin-Body-pump-900-Brand/dp/B0046E84IG
http://www.tesco.com/direct/naturtint-3n-dark-chestnut-brown/795-2026.prd?pageLevel=&skuId=795-2026,http://www.amazon.com/Naturtint-Permanent-Colors-Chestnut-3N/dp/B001E0VWRA
http://www.tesco.com/direct/naturtint-4i-iridescent-chesnut-170ml-liquid/586-5255.prd?pageLevel=&skuId=586-5255
http://www.tesco.com/direct/naturtint-8c-colourant/627-0412.prd?pageLevel=&skuId=664-0813,http://www.amazon.com/Naturtint-Copper-Blonde-8C/dp/B0002DVLXA
http://www.tesco.com/direct/loreal-he-ever-sleek-spray-moistng-200ml/365-6752.prd?pageLevel=&skuId=365-6752,http://www.amazon.com/LOreal-Solar-Expertise-Protect-After/dp/B005HLCFRS
http://www.tesco.com/direct/naturtint-7g-golden-blonde-170ml-liquid/763-0818.prd?pageLevel=&skuId=763-0818,http://www.amazon.com/NaturTint-Permanent-Colorant-Golden-Blonde/dp/B001GP06D4
http://www.tesco.com/direct/naturtint-1-746-copper-arizona-170ml-liquid/486-2976.prd?pageLevel=&skuId=486-2976,http://www.amazon.com/Naturtint-Permanent-2-1-Blue-Black-170ml/dp/B003VR26UQ
http://www.tesco.com/direct/naturtint-5n-light-chestnut-brown/240-5432.prd?pageLevel=&skuId=240-5432,http://www.amazon.com/Naturtint-Light-Chestnut-Brown-Colorant/dp/B00DGDJ6GC
http://www.tesco.com/direct/babyliss-2100w-dry-curl-hair-dryer-blacksilver/208-0459.prd?pageLevel=&skuId=208-0459
http://www.tesco.com/direct/ionika-chrome-straightener/210-8255.prd?pageLevel=&skuId=210-8255
http://www.tesco.com/direct/naturtint-5c-light-copper-chesnut-170ml-liquid/254-8103.prd?pageLevel=&skuId=254-8103
http://www.tesco.com/direct/toni-guy-twist-crimp/649-9854.prd?pageLevel=&skuId=649-9854
http://www.tesco.com/direct/lloytron-h163-ceramic-travel-hair-straightener/765-8463.prd?pageLevel=&skuId=765-8463,http://www.amazon.com/Lloytron-Lloytron-ceramic-Non-stick-Hair-Straighteners/dp/B000MMA40C
http://www.tesco.com/direct/black-ceramic-straightener/213-3867.prd?pageLevel=&skuId=213-3867
http://www.tesco.com/direct/remington-d5017-hair-dryer/630-0630.prd?pageLevel=&skuId=630-0630
http://www.tesco.com/direct/naturtint-8a-ash-blonde-170ml-liquid/677-7395.prd?pageLevel=&skuId=677-7395,http://www.amazon.com/Naturtint-Permanent-Hair-Color-Blonde/dp/B001GOR250
http://www.tesco.com/direct/toni-guy-reverse-conical-wand/611-7141.prd?pageLevel=&skuId=611-7141
http://www.tesco.com/direct/thx-total-hair-experts-limited-edition-hairdryer-purple/639-7594.prd?pageLevel=&skuId=639-7594
http://www.tesco.com/direct/revlon-9033u-heated-hair-rollers/215-2520.prd?pageLevel=&skuId=215-2520
http://www.tesco.com/direct/naturtint-naturtint-5m-colourant/498-7369.prd?pageLevel=&skuId=668-1129
http://www.tesco.com/direct/naturtint-i-77-illusion-teide-brown-170ml-liquid/694-7471.prd?pageLevel=&skuId=694-7471,http://www.amazon.com/Naturtint-7-7-Teide-Brown-5-28/dp/B00DKEW3R6
http://www.tesco.com/direct/remington-as8090-keratin-therapy-protect-volume-air-styler/530-3414.prd?pageLevel=&skuId=530-3414,http://www.amazon.com/REMINGTON-ARRICCCIA-CAPELLI-140-200C%C3%82%C2%B0-CERAM-TORMALINA/dp/B00ECBKSMS
http://www.tesco.com/direct/babyliss-2583bu-pro-cordless-gas-curling-tong-and-brush/210-1171.prd?pageLevel=&skuId=210-1171,http://www.amazon.com/BaByliss-2583BU-BABYLISS-GAS-STYLER/dp/B00063UEFW
http://www.tesco.com/direct/wahl-zx308-19mm-steel-curling-tongs/302-9845.prd?pageLevel=&skuId=302-9845,http://www.amazon.com/Wahl-Curling-Tong-Steel-Zx308/dp/B00014TDMQ
http://www.tesco.com/direct/schwarzkopf-live-color-xxl-ultra-brights-93-shocking-pink/780-0269.prd?pageLevel=&skuId=780-0269,http://www.amazon.com/Schwarzkopf-Color-Ultra-Brights-Shocking/dp/B00BXGO5WE
http://www.tesco.com/direct/schwarzkopf-live-color-xxl-ultra-brights-92-pillar-box-red/626-0981.prd?pageLevel=&skuId=626-0981,http://www.amazon.com/LIVE-Color-Pillar-Ultra-Brights/dp/B009ES0GYE
http://www.tesco.com/direct/style-by-revlon-9371u-hot-brush/215-1216.prd?pageLevel=&skuId=215-1216
http://www.tesco.com/direct/schwarzkopf-live-color-xxl-ultra-brights-90-fiery-copper/227-9639.prd?pageLevel=&skuId=227-9639,http://www.amazon.com/Live-Color-Xxl-Schwarzkopf-Hypnotic/dp/B003L78FDS
http://www.tesco.com/direct/t-h-x-total-hair-experts-accentuate-extra-lite-2000w-dryer-yellow/247-1976.prd?pageLevel=&skuId=247-1976
http://www.tesco.com/direct/remington-new-frizz-control-therapy-230-straightner/215-9127.prd?pageLevel=&skuId=215-9127
http://www.tesco.com/direct/babyliss-pro-digital-230-straightener/211-2287.prd?pageLevel=&skuId=211-2287,http://www.amazon.com/BaByliss-2098BU-Pro-Elegance-Straightener/dp/B0058N77XW
http://www.tesco.com/direct/leo-bancroft-rapidly-revived-dry-shampoo/400-2592.prd?pageLevel=&skuId=400-2592
http://www.tesco.com/direct/tresemme-power-dryer-2200/236-3725.prd?pageLevel=&skuId=236-3725
http://www.tesco.com/direct/jojoba-shampoo-organic/544-0576.prd?pageLevel=&skuId=544-0576
http://www.tesco.com/direct/rosemary/539-0912.prd?pageLevel=&skuId=539-0912
http://www.tesco.com/direct/tresemme-salon-professional-230-degree-ceramic-styler/208-5684.prd?pageLevel=&skuId=208-5684
http://www.tesco.com/direct/wahl-zx306-curling-tongs-13mm/291-8482.prd?pageLevel=&skuId=291-8482,http://www.amazon.com/Wahl-Curling-Tong-Steel-Zx306/dp/B00014TDM6
http://www.tesco.com/direct/tisserand-lavender-mint-conditioning-shampoo/215-7330.prd?pageLevel=&skuId=215-7330,http://www.amazon.com/Moisturising-Lavender-Conditioning-Shampoo-Tisserand/dp/B000Q301D2
http://www.tesco.com/direct/naturtint-shampoo/218-8688.prd?pageLevel=&skuId=218-8688,http://www.amazon.com/Naturtint-66227-Shampoo-5-28-oz/dp/B003VJKV1A
http://www.tesco.com/direct/revlon-shape-and-smooth-hot-air-styler/215-1055.prd?pageLevel=&skuId=215-1055,http://www.amazon.com/Revlon--Shape-And-Smooth-Styler/dp/B006HLIHII
http://www.tesco.com/direct/mandarin-225ml-shampoo/250-0342.prd?pageLevel=&skuId=250-0342,http://www.amazon.com/Akin-AKIN-Mandarin-Shampoo-225ml/dp/B003YCMJCI
http://www.tesco.com/direct/neem-oil-shampoo/472-1676.prd?pageLevel=&skuId=472-1676
http://www.tesco.com/direct/kids-only-shampoo-organic/447-6922.prd?pageLevel=&skuId=447-6922
http://www.tesco.com/direct/john-frieda-sheer-blonde-go-blonder-lightening-shampoo-250ml/508-2474.prd?pageLevel=&skuId=508-2474,http://www.amazon.com/John-Frieda-Blonder-Lightening-Shampoo/dp/B00EZWUOOG
http://www.tesco.com/direct/citrus-aloe-vera-shampoo/678-0352.prd?pageLevel=&skuId=678-0352
http://www.tesco.com/direct/tisserand-tea-tree-lemon-rosemary-shampoo/215-3749.prd?pageLevel=&skuId=215-3749,http://www.amazon.com/Balancing-Rosemary-Shampoo-Tisserand-Liquid/dp/B0041POJKW
http://www.tesco.com/direct/jf-sheer-blonde-everlasting-shampoo250ml/292-0045.prd?pageLevel=&skuId=292-0045
http://www.tesco.com/direct/loreal-he-ever-pure-volume-spoo-250ml/241-6811.prd?pageLevel=&skuId=241-6811
http://www.tesco.com/direct/rice-aminos-wheat-protein-intensive-moisture-500ml-shampoo/772-5165.prd?pageLevel=&skuId=772-5165,http://www.amazon.com/AKin-Amino-Wheat-Shampoo-500Ml/dp/B0038VSRTE
http://www.tesco.com/direct/jf-frizz-ease-thermal-serum-50ml/668-0980.prd?pageLevel=&skuId=668-0980
http://www.tesco.com/direct/loreal-mousse-absolue-rich-burgundy-red-556/159-3885.prd?pageLevel=&skuId=159-3885
http://www.tesco.com/direct/loreal-he-eve-pure-smoothing-spoo-250ml/340-7179.prd?pageLevel=&skuId=340-7179
http://www.tesco.com/direct/follicure-follicle-activator-tonic-for-women-100-ml-liquid/236-3615.prd?pageLevel=&skuId=236-3615
http://www.tesco.com/direct/johnsons-baby-easy-rinse-foam-shampoo-250ml/675-9211.prd?pageLevel=&skuId=675-9211
http://www.tesco.com/direct/johnsons-baby-gold-shampoo-500ml/100-7817.prd?pageLevel=&skuId=100-7817,http://www.amazon.com/Johnson%60s-Soothing-natural-nourishing-shampoo/dp/B00CN4VZBY
http://www.tesco.com/direct/headmasters-colour-brilliance-super-smooth-blow-dry-cream-150ml/319-7710.prd?pageLevel=&skuId=319-7710
http://www.tesco.com/direct/loreal-he-ever-pure-moistng-spoo-250ml/375-5204.prd?pageLevel=&skuId=375-5204
http://www.tesco.com/direct/loreal-mousse-absolue-natural-dk-blonde-700/778-6647.prd?pageLevel=&skuId=778-6647
http://www.tesco.com/direct/aloe-vera-rosemary-styling-gel/489-1971.prd?pageLevel=&skuId=489-1971,http://www.amazon.com/In-A-Nutshell-Aloe-Vera/dp/186204709X
http://www.tesco.com/direct/henna-highlight-shampoo-organic-473ml-shampoo/550-8369.prd?pageLevel=&skuId=550-8369
http://www.tesco.com/direct/organix-brazilian-keratin-smoothing-treatment-100ml/443-9998.prd?pageLevel=&skuId=443-9998
http://www.tesco.com/direct/elnett-heat-protect-spray-180ml-curl/263-1617.prd?pageLevel=&skuId=263-1617
http://www.tesco.com/direct/therapeutic-dandruff-shampoo-200ml-shampoo/313-4221.prd?pageLevel=&skuId=313-4221,http://www.amazon.com/Seba-Med-Shampoo-Anti-Dandruff-200ml/dp/B0015XEE3U
http://www.tesco.com/direct/thin-to-thick-scalp-elixir/634-5769.prd?pageLevel=&skuId=634-5769
http://www.tesco.com/direct/loreal-mousse-absolue-rich-dark-chocolate-425/334-4042.prd?pageLevel=&skuId=334-4042
http://www.tesco.com/direct/loreal-mousse-absolue-natural-medium-brunette-500/418-7723.prd?pageLevel=&skuId=418-7723
http://www.tesco.com/direct/leo-bancroft-sensationally-smooth-conditioner/554-3530.prd?pageLevel=&skuId=554-3530
http://www.tesco.com/direct/protein-conditioner-pump/514-8059.prd?pageLevel=&skuId=514-8059,http://www.amazon.com/Sukin-Protein-Conditioner-Pump-500ml/dp/B00BFVTOIC
http://www.tesco.com/direct/loreal-mousse-absolue-very-light-natural-blonde-1000/733-0392.prd?pageLevel=&skuId=733-0392
http://www.tesco.com/direct/leo-bancroft-radiant-blonde-conditioner/259-5146.prd?pageLevel=&skuId=259-5146
http://www.tesco.com/direct/organix-brazilian-keratin-flat-iron-spray-177ml/641-0495.prd?pageLevel=&skuId=641-0495,http://www.amazon.com/Organix-Brazilian-Keratin-Therapy-Spray/dp/B00GMP6N0I
http://www.tesco.com/direct/organix-moroccan-argan-reviving-oil-118ml/173-0008.prd?pageLevel=&skuId=173-0008,http://www.amazon.com/Organix-Renewing-Moroccan-Argan-Conditioner/dp/B004Z0J8ZY
http://www.tesco.com/direct/jf-luxurious-volume-thick-mousse-200ml/532-4464.prd?pageLevel=&skuId=532-4464,http://www.amazon.com/Lazartigue-Body-Giving-Shampoo-200ml-6-8oz/dp/B0048FE5FO
http://www.tesco.com/direct/mango-milk-care-conditioner-for-coloured-hair-colour-rotection/454-8128.prd?pageLevel=&skuId=454-8128,http://www.amazon.com/Lavera-Treatment-Coloured-Colour-Protection/dp/B002GYDUSC
http://www.tesco.com/direct/leo-bancroft-ultimately-intense-moisture-mask/498-9121.prd?pageLevel=&skuId=498-9121
http://www.tesco.com/direct/loreal-mousse-absolue-light-natural-blonde-900/268-5288.prd?pageLevel=&skuId=268-5288
http://www.tesco.com/direct/lemon-clarifying-cond-325ml/459-0642.prd?pageLevel=&skuId=459-0642,http://www.amazon.com/Lemon-Tea-Tree-Cond-8oz/dp/B000LVIJGA
http://www.tesco.com/direct/nim-veda-neem-conditioner/365-3310.prd?pageLevel=&skuId=365-3310,http://www.amazon.com/Nim-veda-NimVeda-Conditioner-250ml/dp/B0013GARXA
http://www.tesco.com/direct/jf-frizz-ease-secret-agent-creme-100ml/788-2100.prd?pageLevel=&skuId=788-2100,http://www.amazon.com/J-Lazartigue-Smoothing-Straightening-Gel/dp/B003764BLS
http://www.tesco.com/direct/jf-luxurious-volume-blow-dry-lotion-125ml/439-6217.prd?pageLevel=&skuId=439-6217
http://www.tesco.com/direct/leo-bancroft-irresistibly-shiny-conditioner/571-6933.prd?pageLevel=&skuId=571-6933
http://www.tesco.com/direct/nourishing-spa-conditioner/305-4118.prd?pageLevel=&skuId=305-4118
http://www.tesco.com/direct/john-frieda-full-repair-full-body-conditioner-250ml/750-6849.prd?pageLevel=&skuId=750-6849,http://www.amazon.com/John-Frieda-Repair-Conditioner-250ml/dp/B0091EL0SM
http://www.tesco.com/direct/headmasters-big-glam-hair-xxl-body-builder-crm-150m/759-2691.prd?pageLevel=&skuId=759-2691
http://www.tesco.com/direct/peppermint-revitaliz-cond-325ml/618-8794.prd?pageLevel=&skuId=618-8794
http://www.tesco.com/direct/jf-frizz-ease-smooth-start-spoo-250ml/415-8308.prd?pageLevel=&skuId=415-8308
http://www.tesco.com/direct/joey-essex-salt-spray-250-ml/672-0702.prd?pageLevel=&skuId=672-0702
http://www.tesco.com/direct/mango-moisturiz-hair-wash-350ml/772-2140.prd?pageLevel=&skuId=772-2140
http://www.tesco.com/direct/vinifolin-spray-tonic-for-hair-loss/122-4983.prd?pageLevel=&skuId=122-4983
http://www.tesco.com/direct/chocolate-conditioner-400ml-conditioner/606-9847.prd?pageLevel=&skuId=606-9847,http://www.amazon.com/Faith-In-Nature-Chocolate-Conditioner/dp/B001M5DU04
http://www.tesco.com/direct/organix-nourishing-coconut-milk-conditioner-385-ml/151-6325.prd?pageLevel=&skuId=151-6325,http://www.amazon.com/Organix-Nourishing-Coconut-Milk-Conditioner/dp/B007ZC44R6
http://www.tesco.com/direct/loreal-mousse-absolue-iced-chocolate-brunette-415/513-7200.prd?pageLevel=&skuId=513-7200
http://www.tesco.com/direct/loreal-mousse-absolue-sunkissed-dark-blonde-730/341-0284.prd?pageLevel=&skuId=341-0284,http://www.amazon.com/LOreal-Sublime-Mousse-Healthy-Golden/dp/B00CW6UWJO
http://www.tesco.com/direct/lavender-nourishing-cond-325ml/102-6171.prd?pageLevel=&skuId=102-6171,http://www.amazon.com/With-Sweet-Lavender/dp/B006P8M86U
http://www.tesco.com/direct/john-frieda-luxurious-volume-thickening-conditioner-250ml/633-2124.prd?pageLevel=&skuId=633-2124,http://www.amazon.com/John-Frieda-Luxurious-Touchably-Shampoo/dp/B000ORUM1Q
http://www.tesco.com/direct/loreal-mousse-absolue-very-light-icy-blonde-1021/530-8259.prd?pageLevel=&skuId=530-8259
http://www.tesco.com/direct/john-frieda-sheer-blonde-go-blonder-lightening-conditioner-250ml/189-5772.prd?pageLevel=&skuId=189-5772,http://www.amazon.com/Highlight-Activating-Moisturising-Shampoo-Lighter/dp/B00A776852
http://www.tesco.com/direct/loreal-preference-wild-ombre-3/615-9909.prd?pageLevel=&skuId=615-9909,http://www.amazon.com/Loreal-Preference-Ombres-Light-Brown/dp/B0098LEZNK
http://www.tesco.com/direct/tisserand-tea-tree-lemon-rosemary-conditioner/215-8449.prd?pageLevel=&skuId=215-8449,http://www.amazon.com/Balancing-Rosemary-Conditioner-Tisserand-Liquid/dp/B001H7PYSI
http://www.tesco.com/direct/john-frieda-sheer-blonde-moisturising-conditioner-for-lighter-blonde-250ml/762-2062.prd?pageLevel=&skuId=762-2062,http://www.amazon.com/John-Frieda-Activating-Moisturising-Conditioner/dp/B00A7764BU
http://www.tesco.com/direct/dead-sea-spa-magik-scalp-mud-conditioner-150ml/643-0581.prd?pageLevel=&skuId=643-0581,http://www.amazon.com/Dead-Sea-Spa-Magik-Conditioning/dp/B000KUAJDS
http://www.tesco.com/direct/loreal-mousse-absolue-very-light-gold-blonde-1031/330-6595.prd?pageLevel=&skuId=330-6595
http://www.tesco.com/direct/jf-frizz-ease-curl-reviver-mousse-200ml/138-6959.prd?pageLevel=&skuId=138-6959
http://www.tesco.com/direct/john-frieda-frizz-ease-heat-defeat-spry150ml/624-0466.prd?pageLevel=&skuId=624-0466,http://www.amazon.com/Frizz-Defeat-Protective-Styling-FRIEDA/dp/B00IK1W4W8
http://www.tesco.com/direct/loreal-he-ever-trong-cond-250ml-vitality/478-3176.prd?pageLevel=&skuId=478-3176
http://www.tesco.com/direct/jf-luxurious-volfine-tofull-blowout-spray-100ml/277-8745.prd?pageLevel=&skuId=277-8745
http://www.tesco.com/direct/leo-bancroft-maximum-density-shampoo/559-8653.prd?pageLevel=&skuId=559-8653
http://www.tesco.com/direct/leo-bancroft-beautifully-brunette-shampoo/174-1429.prd?pageLevel=&skuId=174-1429
http://www.tesco.com/direct/jf-frizz-ease-miraculous-recovery-25ml/186-0802.prd?pageLevel=&skuId=186-0802
http://www.tesco.com/direct/hi-shine-styling-gel/768-8529.prd?pageLevel=&skuId=768-8529
http://www.tesco.com/direct/john-frieda-fease-straight-fixation-100ml/416-4057.prd?pageLevel=&skuId=416-4057
http://www.tesco.com/direct/leo-bancroft-rapidly-revived-dry-shampoo/400-2592.prd?pageLevel=&skuId=400-2592
http://www.tesco.com/direct/leo-bancroft-soothing-therapy-shampoo/134-8300.prd?pageLevel=&skuId=134-8300
http://www.tesco.com/direct/morning-rain-hair-water/209-8622.prd?pageLevel=&skuId=209-8622
http://www.tesco.com/direct/jf-luxurious-volume-firm-holdhairspray-250ml/393-9798.prd?pageLevel=&skuId=393-9798
http://www.tesco.com/direct/jf-frizz-ease-dream-curl-spray-200ml/203-5002.prd?pageLevel=&skuId=203-5002
http://www.tesco.com/direct/loreal-mousse-absolue-natural-darkest-brown-300/420-4232.prd?pageLevel=&skuId=420-4232
http://www.tesco.com/direct/wild-rose-deodorant/259-3459.prd?pageLevel=&skuId=259-3459,http://www.amazon.com/Weleda-Wild-Rose-Deodorant-100ml/dp/B002B4Y17G
http://www.tesco.com/direct/rosemary-volumizing-shamp-325ml/196-9403.prd?pageLevel=&skuId=196-9403,http://www.amazon.com/Rosemary-Shamp-Fine-320ml-Brand/dp/B0032FDUF2
http://www.tesco.com/direct/naturtint-shampoo/218-8688.prd?pageLevel=&skuId=218-8688,http://www.amazon.com/Naturtint-66227-Shampoo-5-28-oz/dp/B003VJKV1A
http://www.tesco.com/direct/leo-bancroft-intensive-detox-shampoo/280-4752.prd?pageLevel=&skuId=280-4752
http://www.tesco.com/direct/jf-full-repair-heat-activated-styler-100ml/577-3958.prd?pageLevel=&skuId=577-3958
http://www.tesco.com/direct/batiste-dry-shampoo-in-blush/657-7368.prd?pageLevel=&skuId=657-7368,http://www.amazon.com/Batiste-Dry-Shampoo-Blush-5-05/dp/B001PML7Z4
http://www.tesco.com/direct/loreal-preference-platinum-very-light-blonde-6l/430-3585.prd?pageLevel=&skuId=430-3585
http://www.tesco.com/direct/wenko-massage-brush/319-1633.prd?pageLevel=&skuId=319-1633
http://www.tesco.com/direct/jf-sheer-blonde-mst-shampoo-light-50ml/417-5987.prd?pageLevel=&skuId=417-5987
http://www.tesco.com/direct/peppermint-revitaliz-shamp-325ml/723-2748.prd?pageLevel=&skuId=723-2748
http://www.tesco.com/direct/loreal-he-ever-strong-shampoo-250ml-vitality/404-3198.prd?pageLevel=&skuId=404-3198
http://www.tesco.com/direct/john-frieda-full-repair-full-body-shampoo-250ml/573-0538.prd?pageLevel=&skuId=573-0538,http://www.amazon.com/John-Frieda-Repair-Shampoo-250ml/dp/B00CDKP6F4
http://www.tesco.com/direct/rosemary-shampoo-jojoba-conditioner-duo/452-3773.prd?pageLevel=&skuId=336-2519
http://www.tesco.com/direct/babyliss-boutique-5616u-italian-ac-dryer-2400/409-4305.prd?pageLevel=&skuId=409-4305
http://www.tesco.com/direct/calendula-shampoo-body-wash/361-4103.prd?pageLevel=&skuId=361-4103,http://www.amazon.com/Weleda-Calendula-Shampoo-Body-6-8-Ounce/dp/B003CYDA9O
http://www.tesco.com/direct/sassoon-ultimate-styler/211-6854.prd?pageLevel=&skuId=211-6854
http://www.tesco.com/direct/rem-s7200-straightener/704-2975.prd?pageLevel=&skuId=704-2975
http://www.tesco.com/direct/leo-bancroft-round-hair-brush/273-5445.prd?pageLevel=&skuId=273-5445
http://www.tesco.com/direct/lloytron-h1311sv-eco-dry-1600w-hair-dryer/603-8208.prd?pageLevel=&skuId=603-8208,http://www.amazon.com/Lloytron-1000-Hair-Dryer-1000w/dp/B007AF3W2G
http://www.tesco.com/direct/leo-bancroft-long-hair-brush/350-7449.prd?pageLevel=&skuId=350-7449
http://www.tesco.com/direct/jf-sheer-blondecolour-renew-shampoo-250ml/736-1446.prd?pageLevel=&skuId=736-1446
http://www.tesco.com/direct/thx-total-hair-experts-hold-tight-19mm-hair-curling-tong/215-8365.prd?pageLevel=&skuId=215-8365
http://www.tesco.com/direct/babyliss-root-boost-multi-styler/208-0195.prd?pageLevel=&skuId=208-0195
http://www.tesco.com/direct/therapeutic-dandruff-shampoo-200ml-shampoo/313-4221.prd?pageLevel=&skuId=313-4221,http://www.amazon.com/Seba-Med-Shampoo-Anti-Dandruff-200ml/dp/B0015XEE3U
http://www.tesco.com/direct/remington-as1201-amaze-airstyler/208-3190.prd?pageLevel=&skuId=208-3190,http://www.amazon.com/REMINGTON-SPAZZOLA-AS1201-1200-W/dp/B000HYEN70
http://www.tesco.com/direct/aloe-vera-herbal-shampoo/285-4662.prd?pageLevel=&skuId=285-4662,http://www.amazon.com/Aloe-Veda-Herbal-Conditioning-Shampoo/dp/B008KH49OI
http://www.tesco.com/direct/nicky-clarke-hair-therapy-straightener/210-5035.prd?pageLevel=&skuId=210-5035
http://www.tesco.com/direct/john-frieda-luxurious-volume-thickening-shampoo-250ml/718-9235.prd?pageLevel=&skuId=718-9235,http://www.amazon.com/John-Frieda-Luxurious-Touchably-Shampoo/dp/B000ORUM1Q
http://www.tesco.com/direct/thx-total-hair-experts-multi-tude-creative-styling/363-9361.prd?pageLevel=&skuId=363-9361
http://www.tesco.com/direct/step-1-dandruff-relief-shampoo/170-9110.prd?pageLevel=&skuId=170-9110
http://www.tesco.com/direct/babyliss-pro-speed-2200w-hair-dryer/210-1640.prd?pageLevel=&skuId=210-1640,http://www.amazon.com/BaByliss-5541U-Speed-2100W-Dryer/dp/B002XDPTLM
http://www.tesco.com/direct/toni-guy-daily-conditioning-dryer/207-9456.prd?pageLevel=&skuId=207-9456
http://www.tesco.com/direct/remington-ac8000-keratin-therapy-pro-dryer/209-5055.prd?pageLevel=&skuId=209-5055,http://www.amazon.com/REMINGTON-AC8000-2200W-CHERATINA-CONC--DIFF/dp/B008SO7K3K
http://www.tesco.com/direct/braun-satin-hair-7-br170-hair-brush-with-active-ions-and-iontec-technology/653-0707.prd?pageLevel=&skuId=653-0707,http://www.amazon.com/Braun-Satin-Hair-Iontec-Brush/dp/B004PCMS1I
http://www.tesco.com/direct/t-h-x-total-hair-experts-accentuate-extra-lite-2000w-dryer-pink/296-3293.prd?pageLevel=&skuId=296-3293
http://www.tesco.com/direct/remington-s6600-stylist-multi-style-advanced/211-9137.prd?pageLevel=&skuId=211-9137
http://www.tesco.com/direct/lee-stafford-chopstick/588-8890.prd?pageLevel=&skuId=588-8890
http://www.tesco.com/direct/babyliss-4580u-replacement-energy-cells/210-0983.prd?pageLevel=&skuId=210-0983
http://www.tesco.com/direct/nicky-clarke-detox-and-purify-straightener/210-8019.prd?pageLevel=&skuId=210-8019
http://www.tesco.com/direct/remington-ci8319-keratin-therapy-pro-hair-curling-tong/676-4316.prd?pageLevel=&skuId=676-4316
http://www.tesco.com/direct/babyliss-curl-secret-2667u/399-0360.prd?pageLevel=&skuId=399-0360
http://www.tesco.com/direct/naturtint-reflex-30-dark-chestnut-brown-semi-permanent-hair-colorant-90ml-liquid/686-3141.prd?pageLevel=&skuId=686-3141,http://www.amazon.com/Naturtint-Reflex-Dark-Chestnut-Brown/dp/B004GKYDMG
http://www.tesco.com/direct/nicky-clarke-hair-therapy-2000w-hairdryer/661-4569.prd?pageLevel=&skuId=661-4569
http://www.tesco.com/direct/nicky-clarke-nha020-volumiser/396-0068.prd?pageLevel=&skuId=396-0068,http://www.amazon.com/Waltz-For-Nicky/dp/B004F8ZNBO
http://www.tesco.com/direct/naturtint-4m-colourant/442-4331.prd?pageLevel=&skuId=487-6760
http://www.tesco.com/direct/wahl-zx281-hot-brush-19mm-steel-barrel/493-7331.prd?pageLevel=&skuId=493-7331,http://www.amazon.com/Wahl-Zx281-Brush-Styling-Curling/dp/B00I1U7KS6
http://www.tesco.com/direct/naturtint-8n-permanent-hair-colourant/322-8589.prd?pageLevel=&skuId=792-1700
http://www.tesco.com/direct/lee-stafford-blow-your-mind-dryer/123-6095.prd?pageLevel=&skuId=123-6095
http://www.tesco.com/direct/naturtint-6n-colourant/590-0800.prd?pageLevel=&skuId=329-5308
http://www.tesco.com/direct/naturtint-1n-ebony-black/538-9526.prd?pageLevel=&skuId=538-9526,http://www.amazon.com/Naturtint-Permanent-Ebony-Black-Ounces/dp/B0001TQC52
http://www.tesco.com/direct/leo-bancroft-gloriously-glossy-shine-spray/513-7903.prd?pageLevel=&skuId=513-7903
http://www.tesco.com/direct/naturtint-i-666-illusion-fireland-170ml-liquid/641-9206.prd?pageLevel=&skuId=641-9206,http://www.amazon.com/Naturtint-Illusion-Permanent-Colorant-5-45-Ounces/dp/B001E77TOI
http://www.tesco.com/direct/naturtint-1-931-sandy-blonde-170ml-liquid/469-3001.prd?pageLevel=&skuId=469-3001,http://www.amazon.com/Naturtint-Permanent-2-1-Blue-Black-170ml/dp/B003VR26UQ
http://www.tesco.com/direct/naturtint-10n-colourant/373-3340.prd?pageLevel=&skuId=194-0612
http://www.tesco.com/direct/naturtint-7m-mahogany-blonde/190-5532.prd?pageLevel=&skuId=190-5532,http://www.amazon.com/Mahogany-Blonde-7M-4-5-oz/dp/B0002DVM3O
http://www.tesco.com/direct/naturtint-9r-fire-red-170ml-liquid/718-3879.prd?pageLevel=&skuId=718-3879,http://www.amazon.com/Rinse-Fire-Red-Naturtint-2-5-Liquid/dp/B00028M5EO
http://www.tesco.com/direct/joey-essex-sparkle-and-shine-spray-150-ml/445-2570.prd?pageLevel=&skuId=445-2570
http://www.tesco.com/direct/naturtint-4g-golden-chesnut-170ml-liquid/290-7378.prd?pageLevel=&skuId=290-7378
http://www.tesco.com/direct/leo-bancroft-sensationally-smooth-frizz-cream/661-7830.prd?pageLevel=&skuId=661-7830
http://www.tesco.com/direct/leo-bancroft-instantly-sleek-serum/753-0569.prd?pageLevel=&skuId=753-0569
http://www.tesco.com/direct/naturtint-10a-light-ash-blonde-170ml-liquid/473-0624.prd?pageLevel=&skuId=473-0624,http://www.amazon.com/Naturtint-Permanent-Light-Blonde-Ounces/dp/B00BDJAQ6K
http://www.tesco.com/direct/leo-bancroft-totally-protected-heat-defence-spray/707-5958.prd?pageLevel=&skuId=707-5958
http://www.tesco.com/direct/naturtint-6g-dark-golden-blonde-170ml-liquid/521-0370.prd?pageLevel=&skuId=521-0370,http://www.amazon.com/Naturtint-Golden-Blonde-Color-1xKIT/dp/B00HWJ0HYQ
http://www.tesco.com/direct/leo-bancroft-moroccan-miracle-argan-oil/145-4355.prd?pageLevel=&skuId=145-4355
http://www.tesco.com/direct/naturtint-5g-light-golden-chesnut-170ml-liquid/376-9915.prd?pageLevel=&skuId=376-9915
http://www.tesco.com/direct/leo-bancroft-matte-wax/129-6606.prd?pageLevel=&skuId=129-6606
http://www.tesco.com/direct/schwarzkopf-live-color-xxl-ultra-brights-95-electric-blue/584-7028.prd?pageLevel=&skuId=584-7028,http://www.amazon.com/Schwarzkopf-Color-Ultra-Brights-Electric/dp/B00BXGO5QA
http://www.tesco.com/direct/john-frieda-frizz-ease-extra-strength-serum-50ml/539-9057.prd?pageLevel=&skuId=539-9057,http://www.amazon.com/John-Frieda-Frizz-Ease-Extra-Strength/dp/B004801M6E
http://www.tesco.com/direct/schwarzkopf-live-color-xxl-ultra-brights-94-purple-punk/573-9362.prd?pageLevel=&skuId=573-9362,http://www.amazon.com/Live-Color-Xxl-Schwarzkopf-Hypnotic/dp/B003L78FDS
http://www.tesco.com/direct/naturtint-8g-sandy-golden-blonde-170ml-liquid/611-2182.prd?pageLevel=&skuId=611-2182,http://www.amazon.com/Naturtint-Sandy-Golden-Blonde-liquid/dp/B0016AXDIO
http://www.tesco.com/direct/leo-bancroft-perfectly-volumised-mousse/787-0936.prd?pageLevel=&skuId=787-0936
http://www.tesco.com/direct/schwarzkopf-live-color-xxl-ultra-brights-91-raspberry-rebel/512-5900.prd?pageLevel=&skuId=512-5900,http://www.amazon.com/Live-Color-Xxl-Schwarzkopf-Hypnotic/dp/B003L78FDS
http://www.tesco.com/direct/joey-essex-hold-up-hair-spray-200-ml/486-1090.prd?pageLevel=&skuId=486-1090
http://www.tesco.com/direct/naturtint-4n-natural-chesnut-170ml-liquid/672-2132.prd?pageLevel=&skuId=672-2132,http://www.amazon.com/Naturtint-Natural-Chestnut-4n-5-98/dp/B005NZ5NXG
http://www.tesco.com/direct/joey-essex-beach-spray/568-3782.prd?pageLevel=&skuId=568-3782
http://www.tesco.com/direct/leo-bancroft-glamorously-curly-cream-150ml/599-3855.prd?pageLevel=&skuId=599-3855
http://www.tesco.com/direct/naturtint-permanent-natural-hair-colour-21-blue-black-170ml-liquid/152-3122.prd?pageLevel=&skuId=152-3122,http://www.amazon.com/Naturtint-Permanent-2-1-Blue-Black-170ml/dp/B003VR26UQ
http://www.tesco.com/direct/thx-total-hair-experts-wave-hello-32mm-wave-hair-curling-tong/215-5277.prd?pageLevel=&skuId=215-5277
http://www.tesco.com/direct/nicky-clarke-desired-straightener/208-8390.prd?pageLevel=&skuId=208-8390,http://www.amazon.com/Waltz-For-Nicky/dp/B004F8ZNBO
http://www.tesco.com/direct/tresemme-2776u-salon-professional-volume-styler/208-7662.prd?pageLevel=&skuId=208-7662
http://www.tesco.com/direct/babyliss-boutique-2199u-digital-smooth-ceramic-235-straightener/441-7820.prd?pageLevel=&skuId=441-7820
http://www.tesco.com/direct/instylerrotating-19mm-red/131-0748.prd?pageLevel=&skuId=131-0748
http://www.tesco.com/direct/vidal-sassoon-daily-hydration-dryer/211-1677.prd?pageLevel=&skuId=211-1677
http://www.tesco.com/direct/leo-bancroft-style-paste/247-6501.prd?pageLevel=&skuId=247-6501
http://www.tesco.com/direct/leo-bancroft-radial-hair-brush/269-7475.prd?pageLevel=&skuId=269-7475
http://www.tesco.com/direct/leo-bancroft-micro-round-hair-brush/166-2652.prd?pageLevel=&skuId=166-2652
http://www.tesco.com/direct/leo-bancroft-classic-hair-brush/303-5905.prd?pageLevel=&skuId=303-5905
http://www.tesco.com/direct/wahl-zx052-800-powerpik-turbo-hair-dryer/665-8556.prd?pageLevel=&skuId=665-8556,http://www.amazon.com/Wahl-Powerpik-Hairdryer-Attachment-Zx052-800/dp/B000ICLLKS
http://www.tesco.com/direct/nicky-clarke-classic-2-in-1-straightener/109-8925.prd?pageLevel=&skuId=109-8925
http://www.tesco.com/direct/jf-frizz-ease-shape-shine-hairspray-250ml/440-4517.prd?pageLevel=&skuId=440-4517,http://www.amazon.com/John-Frieda-Frizz-Ease-Shape-Flexible/dp/B00DUY0RLU
http://www.tesco.com/direct/jf-sheer-blondecrystal-hold-hairspray-250ml/449-4843.prd?pageLevel=&skuId=449-4843
http://www.tesco.com/direct/john-frieda-frizz-ease-3-day-straight-semi-permanent-styling-spray-100ml/768-4181.prd?pageLevel=&skuId=768-4181,http://www.amazon.com/John-Frieda-Straight-Permanent-Styling/dp/B005PMYGYO
http://www.tesco.com/direct/babyliss-root-boost-multi-styler/208-0195.prd?pageLevel=&skuId=208-0195
http://www.tesco.com/direct/leo-bancroft-vent-hair-brush/373-9688.prd?pageLevel=&skuId=373-9688
http://www.tesco.com/direct/nicky-clarke-mayfair-multistyler/417-0686.prd?pageLevel=&skuId=417-0686,http://www.amazon.com/Waltz-For-Nicky/dp/B004F8ZNBO
http://www.tesco.com/direct/weight-watchers-sassoon-tangle-free-hot-hair-styler/207-5776.prd?pageLevel=&skuId=207-5776
http://www.tesco.com/direct/leo-bancroft-hair-bungee-brown/151-3213.prd?pageLevel=&skuId=151-3213
http://www.tesco.com/direct/mini-ceramic-straightener-pink/721-8245.prd?pageLevel=&skuId=721-8245
http://www.tesco.com/direct/stylist-perfect-waves-hair-styler/737-6244.prd?pageLevel=&skuId=737-6244
http://www.tesco.com/direct/leo-bancroft-long-hair-brush/350-7449.prd?pageLevel=&skuId=350-7449
http://www.tesco.com/direct/wahl-zx307-16mm-steel-curling-tongs/430-8184.prd?pageLevel=&skuId=430-8184,http://www.amazon.com/Wahl-WL2790-16MM-CURLING-TONGS/dp/B00014TDMG
http://www.tesco.com/direct/remington-volumising-brush/211-3015.prd?pageLevel=&skuId=211-3015,http://www.amazon.com/Remington-Volumising-Styler-Professional-Brush/dp/B00I1TL8IK
http://www.tesco.com/direct/remington-hc5030-performer-corded-hair-clipper/220-6681.prd?pageLevel=&skuId=220-6681,http://www.amazon.com/Remington-Hc5030-Performer-Corded-Clipper/dp/B00I00M93I
http://www.tesco.com/direct/remington-pro-big-curl-tong/718-0401.prd?pageLevel=&skuId=718-0401
http://www.tesco.com/direct/babyliss-pro-230-styler/206-1215.prd?pageLevel=&skuId=206-1215,http://www.amazon.com/BaByliss-2098BU-Pro-Elegance-Straightener/dp/B0058N77XW
http://www.tesco.com/direct/leo-bancroft-round-hair-brush/273-5445.prd?pageLevel=&skuId=273-5445
http://www.tesco.com/direct/leo-bancroft-irresistibly-shiny-shampoo/576-0387.prd?pageLevel=&skuId=576-0387
http://www.tesco.com/direct/leo-bancroft-big-round-hair-brush/527-9641.prd?pageLevel=&skuId=527-9641
http://www.tesco.com/direct/leo-bancroft-ultimately-intense-shampoo/792-4956.prd?pageLevel=&skuId=792-4956
http://www.tesco.com/direct/sassoon-ultimate-styler/211-6854.prd?pageLevel=&skuId=211-6854
http://www.tesco.com/direct/remington-as1201-amaze-airstyler/208-3190.prd?pageLevel=&skuId=208-3190,http://www.amazon.com/REMINGTON-SPAZZOLA-AS1201-1200-W/dp/B000HYEN70
http://www.tesco.com/direct/itch-away-shampoo/331-8719.prd?pageLevel=&skuId=331-8719
http://www.tesco.com/direct/leo-bancroft-instant-recharge-hair-body-wash/422-7243.prd?pageLevel=&skuId=422-7243
http://www.tesco.com/direct/leo-bancroft-beautifully-radiant-shampoo/145-8894.prd?pageLevel=&skuId=145-8894
http://www.tesco.com/direct/mango-milk-shampoo-for-coloured-hair-colour-protection/472-3122.prd?pageLevel=&skuId=472-3122,http://www.amazon.com/Lavera-Shampoo-Coloured-Colour-Protection/dp/B00A4BICX2
http://www.tesco.com/direct/itch-away-shampoo/331-8719.prd?pageLevel=&skuId=331-8719
http://www.tesco.com/direct/apricotkeratin-shampoo-organic/595-3841.prd?pageLevel=&skuId=595-3841
http://www.tesco.com/direct/wild-rose-deodorant/509-8311.prd?pageLevel=&skuId=509-8311,http://www.amazon.com/Weleda-Wild-Rose-Deodorant-100ml/dp/B002B4Y17G
http://www.tesco.com/direct/barbara-daly-make-up-brush-set-5-piece/742-8317.prd?pageLevel=&skuId=742-8317
http://www.tesco.com/direct/lavender-nourishing-shamp-325ml/288-0751.prd?pageLevel=&skuId=288-0751
http://www.tesco.com/direct/lemongrass-500ml-shampoo/380-8883.prd?pageLevel=&skuId=380-8883,http://www.amazon.com/British-Delights-Lemongrass-Cordial-500ml/dp/B00CASA33E
http://www.tesco.com/direct/loreal-he-ever-pure-volume-spoo-250ml/241-6811.prd?pageLevel=&skuId=241-6811
http://www.tesco.com/direct/ginkgo-biloba-shampoo-400ml-shampoo/772-7426.prd?pageLevel=&skuId=772-7426,http://www.amazon.com/Faith-In-Nature-Ginkgo-Shampoo/dp/B002MXMPLA
http://www.tesco.com/direct/organic-vitamin-ac-e-shampoo-480ml-shampoo/750-1944.prd?pageLevel=&skuId=750-1944,http://www.amazon.com/Jason-Bodycare-Organic-Shampoo-480ml/dp/B00AWNDGXI
http://www.tesco.com/direct/balance-lift-herbal-shampoo/383-0550.prd?pageLevel=&skuId=383-0550,http://www.amazon.com/Balance-Lift-Herbal-Shampoo-250ml/dp/B000Q3074U
http://www.tesco.com/direct/jf-frizz-ease-curl-around-shampoo-250ml/658-1101.prd?pageLevel=&skuId=658-1101
http://www.tesco.com/direct/organix-moroccan-argan-oil-shampoo-385ml/369-9206.prd?pageLevel=&skuId=369-9206,http://www.amazon.com/Organix-Moroccan-Argan-Shampoo-385ml/dp/B0080ILMJM
http://www.tesco.com/direct/john-frieda-brilliant-brunette-moisturising-shampoo-for-all-brunettes-shades-250ml/223-6415.prd?pageLevel=&skuId=223-6415,http://www.amazon.com/John-Frieda-Brilliant-Multi-Tone-Moisturising/dp/B006L67ICK
http://www.tesco.com/direct/dentinox-cradle-cap-treatment-shampoo-125ml/732-8302.prd?pageLevel=&skuId=732-8302,http://www.amazon.com/Dentinox-Cradle-Cap-Shampoo-125Ml/dp/B004FOCHV2
http://www.tesco.com/direct/henna-highlight-shampoo-organic-473ml-shampoo/550-8369.prd?pageLevel=&skuId=550-8369

