Original_URL,Match_URL,Product_images,Product_videos
http://www.walmart.com/ip/13917197,http://store.sony.com/mc-filter-for-camcorder-zid27-VFK46MP/cat-27-catid-All-Camcorders-Accessories;pgid=zeh.EzZeFPVSRpDNUFUX6Old0000VKoN6vPM?_t=pfm%3Dsearch%26SearchTerm%3Dcolor+filter+sony,1,0
http://www.walmart.com/ip/22018012,http://store.sony.com/battery-charger-battery-and-usb-cable-zid27-ACCTRBX/cat-27-catid-All-Cameras-Cyber-shot-Accessories;pgid=zeh.EzZeFPVSRpDNUFUX6Old0000VKoN6vPM?_t=pfm%3Dsearch%26SearchTerm%3Dacctrbx,1,0
http://www.walmart.com/ip/30655604,http://store.sony.com/bluetooth-wireless-speaker-zid27-SRSBTX300//cat-27-catid-All-Players-Docks?vva_ColorCode=000000,1,3
http://www.walmart.com/ip/22171713,http://store.sony.com/action-cam-suction-cup-mount-zid27-PFVCTSC1/cat-27-catid-All-Camcorders-Action-Cam-Accessories;pgid=zeh.EzZeFPVSRpDNUFUX6Old0000VKoN6vPM?_t=pfm%3Dsearch%26SearchTerm%3Dpf+vct+sc1,1,0
http://www.walmart.com/ip/30655592,http://store.sony.com/bluetooth-wireless-speaker-zid27-SRSBTX300//cat-27-catid-All-Players-Docks?vva_ColorCode=000000,1,3
http://www.walmart.com/ip/5231056,http://store.sony.com/worldwide-ac-power-adapter-zid27-ACE30A/cat-27-catid-All-Portable-Audio-Adapters;pgid=zeh.EzZeFPVSRpDNUFUX6Old0000VKoN6vPM?_t=pfm%3Dsearch%26SearchTerm%3Dace30a,1,0
http://www.walmart.com/ip/31360082,http://store.sony.com/sony-mhc-ec619ip-music-system-zid27-MHCEC619IP/cat-27-catid-All-Speaker-Docks-and-Shelf-Systems;pgid=zeh.EzZeFPVSRpDNUFUX6Old0000VKoN6vPM?_t=pfm%3Dsearch%26SearchTerm%3Dmhcec619ip,1,0
http://www.walmart.com/ip/31360081,http://store.sony.com/sony-mhc-ec919ip-music-system-zid27-MHCEC919IP/cat-27-catid-All-Speaker-Docks-and-Shelf-Systems;pgid=zeh.EzZeFPVSRpDNUFUX6Old0000VKoN6vPM?_t=pfm%3Dsearch%26SearchTerm%3Dmhcec919ip,1,0
http://www.walmart.com/ip/28737885,http://store.sony.com/16gb-sdhc-uhs-1-memory-card-zid27-SF16UY/TQMN/cat-27-catid-All-Cameras-Memory-Cards-Adapters,1,0
