Amy's,Amy's Kitchen
Ashley's Family,Ashley's,Ashleys
Aunt Bessie's,Aunt Bessie,Aunt Bessies,Aunt
Aunty's,Auntys
big,Big
Birds Eye,Birds
Cadbury,Cadburys,Cadbury's
Campbell's,Campbells
Chicago Town,Chicago
Colgate,Colgate Palmolive
Colman's,Colmans
Cow & Gate,Cow
Cully&Sully,Cully
Dolmio,DOLMIO®
Dove,Dove Beauty
Dr. Oetker,Dr Oetker
Ella's,Ellas
Farley's,Farley,Farleys
Felizzano,Fellizzano
Garnier,Garnier Fructis,Ambre Solaire
Gourmet Burger Kitchen,Gourmet
Heinz,Weight Watchers from Heinz
Hellmann's,Hellmann,Hellmanns,Hellman's
HP,Hp
Huggies,Huggies Natural Care
Hunger Breaks,Hunger
Jack Daniel's,Jack
Johnson's,Johnsons,Johnson's Baby,Johnsons Baby
Kit Kat,KitKat
Lancashire Farm,Lancashire
Lea & Perrins,Lea
Levi,Levi Roots
Look What We Found,Lwwf
L'Oreal,Loreal,L'oreal,L’Oreal
Loyd,Loyd Grossman
Lyle's,Lyles
Lyons,Lyons'
Maoam,Maom
McVitie's,Mcvitie's,Mcvities
Mr.Kipling,Mr Kipling,Kip,Mr
Nando's,Nandos
Nescafe,NescafÉ
Nestle,Nestlé
Newman's Own,Newmans,Newman's
Nu:,Nuco
Patak's,Pataks
Pro Colour Plus,Pro Salon
Purina,Go cat,Go-cat
Red's,Reds
Seeds of Change,Seeds
Sharwood's,Sharwoods
Snyders,Synders
Sweet Baby Ray's,Sweet
Twinings,Twining's
Uncle Ben's,Uncle,Uncle Bens
Zone Perfect,ZonePerfect
PediaSure,Pedia Sure
Bosch,Bosch Thermotechnology
CRANE,Crane USA
ECOBEE,ecobee,ecobee4
Emerson,Emerson Thermostats,White-Rodgers/Emerson,White-Rodgers
Honeywell,HONEYWELL CONSUMER,Honeywell Home,"HONEYWELL HOME/BLDG CENTER
",Honeywell International
ICM,ICM Controls
King Electric,King Electrical
LockState,LockState Connect
Lux,LUX PRODUCTS CORP GEO-WH WiFi Connect Thermostat,LUX/GEO,LUXPRO,LuxPro
Mr. Heater,"Mr. Heater, Inc."
Nest,Nest Lab,Nest Labs,NEST LABS T3007ES Nest3rdLearn Thermostat,Nest Thermostat Wall Plate
Thermo,Thermo-Kitty,Thermo-Pet
Radio Thermostat,Radio Thermostat Company of America
Reliance,Reliance Control Corporation
Gildan
FairPrice
